actions,boundary,bytes,cli_first_refresh_ms,client_cpu_ms,columns,columns_returned,cpu_ms,digest,first_fetch_ms,first_fetch_rx_bytes,first_result_refresh_ms,frames,image,image_id,iteration,loop_delays_over_16_7_ms,loop_delays_over_50_ms,max_loop_delay_ms,maxrss_kib,objects,one_core_cpu_percent,one_way_delay_ms,p95_loop_delay_ms,parent_cpu_ms,parent_ready_ms,pattern,process_cpu_ms,provider,pty_bytes,routines,rows,rows_returned,rx_bytes,scenario,source_sha,suggestions,suite,tables,terminal_bytes,trial,truncated,tx_bytes,variant,wall_ms,watchdog_events,worker_reported_ms
,,,344.1,,,,,,,,,,,,,,,,,,,,,,413.6363240004357,,547.789,,75411,,,,,default,9db49c230c7cab6abe497d14b9f51e39ad30cb42,,startup,,,0,,,baseline,,,
,,,350.56,,,,,,,,,,,,,,,,,,,,,,405.26787800081365,,562.2320000000001,,75411,,,,,default,0640c96464dcb50434f97b14d097418b51b110ba,,startup,,,0,,,candidate,,,
,,,391.1,,,,,,,,,,,,,,,,,,,,,,443.7695269998585,,591.362,,75411,,,,,default,9db49c230c7cab6abe497d14b9f51e39ad30cb42,,startup,,,1,,,baseline,,,
,,,379.86,,,,,,,,,,,,,,,,,,,,,,445.1773909995609,,570.543,,75411,,,,,default,0640c96464dcb50434f97b14d097418b51b110ba,,startup,,,1,,,candidate,,,
,,,356.2,,,,,,,,,,,,,,,,,,,,,,409.41798299991206,,547.732,,75411,,,,,default,9db49c230c7cab6abe497d14b9f51e39ad30cb42,,startup,,,2,,,baseline,,,
,,,335.66,,,,,,,,,,,,,,,,,,,,,,386.1466969992762,,534.308,,75411,,,,,default,0640c96464dcb50434f97b14d097418b51b110ba,,startup,,,2,,,candidate,,,
,,,352.67,,,,,,,,,,,,,,,,,,,,,,416.9194440000865,,558.0959999999999,,75411,,,,,default,9db49c230c7cab6abe497d14b9f51e39ad30cb42,,startup,,,3,,,baseline,,,
,,,337.68,,,,,,,,,,,,,,,,,,,,,,390.97375799974543,,517.786,,75411,,,,,default,0640c96464dcb50434f97b14d097418b51b110ba,,startup,,,3,,,candidate,,,
,,,355.1,,,,,,,,,,,,,,,,,,,,,,406.5649200001644,,561.765,,75411,,,,,default,9db49c230c7cab6abe497d14b9f51e39ad30cb42,,startup,,,4,,,baseline,,,
,,,335.95,,,,,,,,,,,,,,,,,,,,,,387.21929300027114,,518.6569999999999,,75411,,,,,default,0640c96464dcb50434f97b14d097418b51b110ba,,startup,,,4,,,candidate,,,
,,,377.44,,,,,,,,,,,,,,,,,,,,,,430.5364020001434,,563.6759999999999,,75411,,,,,default,9db49c230c7cab6abe497d14b9f51e39ad30cb42,,startup,,,5,,,baseline,,,
,,,337.76,,,,,,,,,,,,,,,,,,,,,,400.2515130005122,,537.64,,75411,,,,,default,0640c96464dcb50434f97b14d097418b51b110ba,,startup,,,5,,,candidate,,,
,,,356.38,,,,,,,,,,,,,,,,,,,,,,424.5236329998079,,549.5409999999999,,75411,,,,,default,9db49c230c7cab6abe497d14b9f51e39ad30cb42,,startup,,,6,,,baseline,,,
,,,339.18,,,,,,,,,,,,,,,,,,,,,,389.47029399969324,,528.271,,75411,,,,,default,0640c96464dcb50434f97b14d097418b51b110ba,,startup,,,6,,,candidate,,,
,,,333.32,,,,,,,,,,,,,,,,,,,,,,394.9382609998793,,521.5849999999999,,75411,,,,,default,9db49c230c7cab6abe497d14b9f51e39ad30cb42,,startup,,,7,,,baseline,,,
,,,346.93,,,,,,,,,,,,,,,,,,,,,,402.3940360002598,,537.525,,75411,,,,,default,0640c96464dcb50434f97b14d097418b51b110ba,,startup,,,7,,,candidate,,,
,,,338.4,,,,,,,,,,,,,,,,,,,,,,393.3660250004323,,520.441,,75411,,,,,default,9db49c230c7cab6abe497d14b9f51e39ad30cb42,,startup,,,8,,,baseline,,,
,,,343.72,,,,,,,,,,,,,,,,,,,,,,394.8889469993446,,534.991,,75411,,,,,default,0640c96464dcb50434f97b14d097418b51b110ba,,startup,,,8,,,candidate,,,
,,,346.83,,,,,,,,,,,,,,,,,,,,,,409.01268899960996,,547.391,,75411,,,,,default,9db49c230c7cab6abe497d14b9f51e39ad30cb42,,startup,,,9,,,baseline,,,
,,,335.38,,,,,,,,,,,,,,,,,,,,,,396.59709599982307,,523.5799999999999,,75411,,,,,default,0640c96464dcb50434f97b14d097418b51b110ba,,startup,,,9,,,candidate,,,
,,,354.72,,,,,,,,,,,,,,,,,,,,,,412.6388370004861,,543.848,,75411,,,,,default,9db49c230c7cab6abe497d14b9f51e39ad30cb42,,startup,,,10,,,baseline,,,
,,,434.86,,,,,,,,,,,,,,,,,,,,,,491.4593840003363,,639.3389999999999,,75411,,,,,default,0640c96464dcb50434f97b14d097418b51b110ba,,startup,,,10,,,candidate,,,
,,,325.45,,,,,,,,,,,,,,,,,,,,,,385.28753600076016,,513.728,,75411,,,,,default,9db49c230c7cab6abe497d14b9f51e39ad30cb42,,startup,,,11,,,baseline,,,
,,,365.75,,,,,,,,,,,,,,,,,,,,,,418.95310600011726,,543.361,,75411,,,,,default,0640c96464dcb50434f97b14d097418b51b110ba,,startup,,,11,,,candidate,,,
,,,325.56,,,,,,,,,,,,,,,,,,,,,,385.59741800054326,,504.818,,75411,,,,,default,9db49c230c7cab6abe497d14b9f51e39ad30cb42,,startup,,,12,,,baseline,,,
,,,352.87,,,,,,,,,,,,,,,,,,,,,,415.2825129995108,,546.428,,75411,,,,,default,0640c96464dcb50434f97b14d097418b51b110ba,,startup,,,12,,,candidate,,,
,,,329.69,,,,,,,,,,,,,,,,,,,,,,389.25143999949796,,523.5999999999999,,75411,,,,,default,9db49c230c7cab6abe497d14b9f51e39ad30cb42,,startup,,,13,,,baseline,,,
,,,348.43,,,,,,,,,,,,,,,,,,,,,,414.17253199961124,,564.158,,75411,,,,,default,0640c96464dcb50434f97b14d097418b51b110ba,,startup,,,13,,,candidate,,,
,,,337.74,,,,,,,,,,,,,,,,,,,,,,389.59209699987696,,515.2,,75411,,,,,default,9db49c230c7cab6abe497d14b9f51e39ad30cb42,,startup,,,14,,,baseline,,,
,,,343.68,,,,,,,,,,,,,,,,,,,,,,409.6101160002945,,537.115,,75411,,,,,default,0640c96464dcb50434f97b14d097418b51b110ba,,startup,,,14,,,candidate,,,
,,,366.41,,,,,,,,,,,,,,,,,,,,,,424.0383350006596,,546.2009999999999,,75411,,,,,disabled,9db49c230c7cab6abe497d14b9f51e39ad30cb42,,startup,,,0,,,baseline,,,
,,,338.93,,,,,,,,,,,,,,,,,,,,,,404.46168099970237,,471.64199999999994,,75411,,,,,disabled,0640c96464dcb50434f97b14d097418b51b110ba,,startup,,,0,,,candidate,,,
,,,356.12,,,,,,,,,,,,,,,,,,,,,,423.00395100028254,,560.537,,75411,,,,,disabled,9db49c230c7cab6abe497d14b9f51e39ad30cb42,,startup,,,1,,,baseline,,,
,,,353.36,,,,,,,,,,,,,,,,,,,,,,414.7455840002294,,475.763,,75411,,,,,disabled,0640c96464dcb50434f97b14d097418b51b110ba,,startup,,,1,,,candidate,,,
,,,385.92,,,,,,,,,,,,,,,,,,,,,,444.01222499982396,,560.489,,75411,,,,,disabled,9db49c230c7cab6abe497d14b9f51e39ad30cb42,,startup,,,2,,,baseline,,,
,,,339.82,,,,,,,,,,,,,,,,,,,,,,389.6670069998436,,445.276,,75411,,,,,disabled,0640c96464dcb50434f97b14d097418b51b110ba,,startup,,,2,,,candidate,,,
,,,356.47,,,,,,,,,,,,,,,,,,,,,,410.43219699986366,,544.952,,75411,,,,,disabled,9db49c230c7cab6abe497d14b9f51e39ad30cb42,,startup,,,3,,,baseline,,,
,,,323.98,,,,,,,,,,,,,,,,,,,,,,386.1407149997831,,454.435,,75411,,,,,disabled,0640c96464dcb50434f97b14d097418b51b110ba,,startup,,,3,,,candidate,,,
,,,344.88,,,,,,,,,,,,,,,,,,,,,,410.6932400000005,,541.8,,75411,,,,,disabled,9db49c230c7cab6abe497d14b9f51e39ad30cb42,,startup,,,4,,,baseline,,,
,,,338.98,,,,,,,,,,,,,,,,,,,,,,393.0072849998396,,444.392,,75411,,,,,disabled,0640c96464dcb50434f97b14d097418b51b110ba,,startup,,,4,,,candidate,,,
,,,353.76,,,,,,,,,,,,,,,,,,,,,,414.3659439996554,,536.54,,75411,,,,,disabled,9db49c230c7cab6abe497d14b9f51e39ad30cb42,,startup,,,5,,,baseline,,,
,,,343.13,,,,,,,,,,,,,,,,,,,,,,404.8655629994755,,456.316,,75411,,,,,disabled,0640c96464dcb50434f97b14d097418b51b110ba,,startup,,,5,,,candidate,,,
,,,365.96,,,,,,,,,,,,,,,,,,,,,,422.2783880004499,,560.134,,75411,,,,,disabled,9db49c230c7cab6abe497d14b9f51e39ad30cb42,,startup,,,6,,,baseline,,,
,,,324.55,,,,,,,,,,,,,,,,,,,,,,373.4640889997536,,426.971,,75411,,,,,disabled,0640c96464dcb50434f97b14d097418b51b110ba,,startup,,,6,,,candidate,,,
,,,342.82,,,,,,,,,,,,,,,,,,,,,,391.9923280000148,,533.449,,75411,,,,,disabled,9db49c230c7cab6abe497d14b9f51e39ad30cb42,,startup,,,7,,,baseline,,,
,,,332.32,,,,,,,,,,,,,,,,,,,,,,388.95810499980144,,438.138,,75411,,,,,disabled,0640c96464dcb50434f97b14d097418b51b110ba,,startup,,,7,,,candidate,,,
,,,344.92,,,,,,,,,,,,,,,,,,,,,,400.4836379999688,,533.4259999999999,,75411,,,,,disabled,9db49c230c7cab6abe497d14b9f51e39ad30cb42,,startup,,,8,,,baseline,,,
,,,327.35,,,,,,,,,,,,,,,,,,,,,,391.1620450007831,,452.47299999999996,,75411,,,,,disabled,0640c96464dcb50434f97b14d097418b51b110ba,,startup,,,8,,,candidate,,,
,,,343.18,,,,,,,,,,,,,,,,,,,,,,395.12102200023946,,536.1329999999999,,75411,,,,,disabled,9db49c230c7cab6abe497d14b9f51e39ad30cb42,,startup,,,9,,,baseline,,,
,,,323.97,,,,,,,,,,,,,,,,,,,,,,390.3571880000527,,455.9069999999999,,75411,,,,,disabled,0640c96464dcb50434f97b14d097418b51b110ba,,startup,,,9,,,candidate,,,
,,,349.59,,,,,,,,,,,,,,,,,,,,,,412.2120240008371,,570.6949999999999,,75411,,,,,disabled,9db49c230c7cab6abe497d14b9f51e39ad30cb42,,startup,,,10,,,baseline,,,
,,,326.55,,,,,,,,,,,,,,,,,,,,,,376.2278080002943,,437.699,,75411,,,,,disabled,0640c96464dcb50434f97b14d097418b51b110ba,,startup,,,10,,,candidate,,,
,,,361.35,,,,,,,,,,,,,,,,,,,,,,430.61923000004754,,563.213,,75411,,,,,disabled,9db49c230c7cab6abe497d14b9f51e39ad30cb42,,startup,,,11,,,baseline,,,
,,,375.86,,,,,,,,,,,,,,,,,,,,,,439.6697209995182,,526.1129999999999,,75411,,,,,disabled,0640c96464dcb50434f97b14d097418b51b110ba,,startup,,,11,,,candidate,,,
,,,325.96,,,,,,,,,,,,,,,,,,,,,,372.81932399946527,,495.229,,75411,,,,,disabled,9db49c230c7cab6abe497d14b9f51e39ad30cb42,,startup,,,12,,,baseline,,,
,,,343.05,,,,,,,,,,,,,,,,,,,,,,406.8342959999427,,455.75499999999994,,75411,,,,,disabled,0640c96464dcb50434f97b14d097418b51b110ba,,startup,,,12,,,candidate,,,
,,,330.95,,,,,,,,,,,,,,,,,,,,,,391.9395419998182,,524.16,,75411,,,,,disabled,9db49c230c7cab6abe497d14b9f51e39ad30cb42,,startup,,,13,,,baseline,,,
,,,347.12,,,,,,,,,,,,,,,,,,,,,,415.58888100007607,,465.052,,75411,,,,,disabled,0640c96464dcb50434f97b14d097418b51b110ba,,startup,,,13,,,candidate,,,
,,,339.2,,,,,,,,,,,,,,,,,,,,,,404.3450990002384,,537.374,,75411,,,,,disabled,9db49c230c7cab6abe497d14b9f51e39ad30cb42,,startup,,,14,,,baseline,,,
,,,342.68,,,,,,,,,,,,,,,,,,,,,,398.2162400006928,,450.777,,75411,,,,,disabled,0640c96464dcb50434f97b14d097418b51b110ba,,startup,,,14,,,candidate,,,
,,,1093.99,,,,,,,,,,,,,,,,,,,,,,1385.2823350007384,,1332.809,,75411,,,,,no-pyc,0640c96464dcb50434f97b14d097418b51b110ba,,startup,,,0,,,candidate,,,
,,,996.84,,,,,,,,,,,,,,,,,,,,,,1281.663148000007,,1332.268,,75411,,,,,no-pyc,0640c96464dcb50434f97b14d097418b51b110ba,,startup,,,1,,,candidate,,,
,,,896.8,,,,,,,,,,,,,,,,,,,,,,1149.404499999946,,1226.299,,75411,,,,,no-pyc,0640c96464dcb50434f97b14d097418b51b110ba,,startup,,,2,,,candidate,,,
,,,899.14,,,,,,,,,,,,,,,,,,,,,,1165.9069940005793,,1258.883,,75411,,,,,no-pyc,0640c96464dcb50434f97b14d097418b51b110ba,,startup,,,3,,,candidate,,,
,,,918.36,,,,,,,,,,,,,,,,,,,,,,1174.788532999628,,1232.276,,75411,,,,,no-pyc,0640c96464dcb50434f97b14d097418b51b110ba,,startup,,,4,,,candidate,,,
,,,942.85,,,,,,,,,,,,,,,,,,,,,,1193.5084649994678,,1243.3750000000002,,75411,,,,,no-pyc,0640c96464dcb50434f97b14d097418b51b110ba,,startup,,,5,,,candidate,,,
,,,941.33,,,,,,,,,,,,,,,,,,,,,,1202.5737359999766,,1253.654,,75411,,,,,no-pyc,0640c96464dcb50434f97b14d097418b51b110ba,,startup,,,6,,,candidate,,,
,,,,,,,95.30399,,,,,1,,,,1,1,91.87240700077382,116360,,99.49893369863119,,78.20384570070016,,,,,,,1000,,,,autocomplete_1000_routines,9db49c230c7cab6abe497d14b9f51e39ad30cb42,50,completion,,18297,0,,,baseline,95.7839310003692,0,
,,,,,,,1817.1032670000002,,,,,1,,,,1,1,1822.8752470005202,120328,,99.56708112607332,,1549.5218372504671,,,,,,,5000,,,,autocomplete_5000_routines,9db49c230c7cab6abe497d14b9f51e39ad30cb42,50,completion,,20541,0,,,baseline,1825.0040539996917,0,
,,,,,,,31.893475000000006,,,,,1,,,,1,0,30.007203000532172,116196,,99.15267431360486,,25.68158460032463,,,,,,,1000,,,,autocomplete_1000_routines,0640c96464dcb50434f97b14d097418b51b110ba,50,completion,,18297,0,,,candidate,32.16602600059559,0,
,,,,,,,50.025076999999975,,,,,1,,,,1,0,47.73786799989466,121828,,98.22694211845798,,40.67588074992271,,,,,,,5000,,,,autocomplete_5000_routines,0640c96464dcb50434f97b14d097418b51b110ba,50,completion,,20541,0,,,candidate,50.92806099946756,0,
,,,,,,,97.21465699999993,,,,,2,,,,1,1,102.75871599980746,111304,,90.05905695725693,,87.49242789978776,,,,,,,1000,,,,autocomplete_1000_routines,9db49c230c7cab6abe497d14b9f51e39ad30cb42,50,completion,,23742,1,,,baseline,107.94545299995661,0,
,,,,,,,1828.097953,,,,,1,,,,1,1,1862.5262670003576,114760,,97.87360303285617,,1583.2834588502185,,,,,,,5000,,,,autocomplete_5000_routines,9db49c230c7cab6abe497d14b9f51e39ad30cb42,50,completion,,18297,1,,,baseline,1867.8151169997363,0,
,,,,,,,22.016956000000032,,,,,1,,,,1,0,20.227998999980628,110340,,98.67392060480937,,17.300061399891995,,,,,,,1000,,,,autocomplete_1000_routines,0640c96464dcb50434f97b14d097418b51b110ba,50,completion,,18297,1,,,candidate,22.312842000246746,0,
,,,,,,,53.220814000000004,,,,,2,,,,1,1,51.30804599968542,116100,,99.32988070561333,,44.01361979982538,,,,,,,5000,,,,autocomplete_5000_routines,0640c96464dcb50434f97b14d097418b51b110ba,50,completion,,20541,1,,,candidate,53.579862999868055,0,
,,,,,,,97.70218899999999,,,,,1,,,,1,1,96.46123899994564,110136,,99.30036179177232,,77.34486319997812,,,,,,,1000,,,,autocomplete_1000_routines,9db49c230c7cab6abe497d14b9f51e39ad30cb42,50,completion,,18297,2,,,baseline,98.39056700002402,0,
,,,,,,,1792.9216479999998,,,,,2,,,,1,1,1797.3980509997273,114104,,99.56928703584782,,1527.93305959969,,,,,,,5000,,,,autocomplete_5000_routines,9db49c230c7cab6abe497d14b9f51e39ad30cb42,50,completion,,20541,2,,,baseline,1800.677399000051,0,
,,,,,,,21.257672000000007,,,,,1,,,,1,0,18.77466899997671,116224,,97.57886116964123,,16.059635849951512,,,,,,,1000,,,,autocomplete_1000_routines,0640c96464dcb50434f97b14d097418b51b110ba,50,completion,,18297,2,,,candidate,21.78511999954935,0,
,,,,,,,54.314408999999955,,,,,1,,,,1,1,54.0673449996757,122112,,98.33436270429495,,46.054649949764986,,,,,,,5000,,,,autocomplete_5000_routines,0640c96464dcb50434f97b14d097418b51b110ba,50,completion,,20541,2,,,candidate,55.23441399964213,0,
,,,,,,,88.82693499999999,,,,,2,,,,1,1,87.13355700012471,117400,,98.76908656400133,,74.15898270007344,,,,,,,1000,,,,autocomplete_1000_routines,9db49c230c7cab6abe497d14b9f51e39ad30cb42,50,completion,,23742,3,,,baseline,89.93394400022225,0,
,,,,,,,1831.017239,,,,,1,,,,1,1,1839.057934000375,120984,,99.44510539244105,,1563.3139259504053,,,,,,,5000,,,,autocomplete_5000_routines,9db49c230c7cab6abe497d14b9f51e39ad30cb42,50,completion,,18297,3,,,baseline,1841.234147999785,0,
,,,,,,,33.89264399999997,,,,,1,,,,1,0,31.200335000103223,116368,,98.67874546976104,,26.605466000019067,,,,,,,1000,,,,autocomplete_1000_routines,0640c96464dcb50434f97b14d097418b51b110ba,50,completion,,18297,3,,,candidate,34.3464480001785,0,
,,,,,,,33.76091399999998,,,,,1,,,,1,0,32.47997200025566,121872,,97.67885618238749,,27.70951285016962,,,,,,,5000,,,,autocomplete_5000_routines,0640c96464dcb50434f97b14d097418b51b110ba,50,completion,,20541,3,,,candidate,34.56317499967554,0,
,,,,,,,92.071941,,,,,1,,,,1,1,92.43380500003695,116088,,97.49147039095305,,78.6552593500073,,,,,,,1000,,,,autocomplete_1000_routines,9db49c230c7cab6abe497d14b9f51e39ad30cb42,50,completion,,18297,4,,,baseline,94.44102199995541,0,
,,,,,,,1877.8790869999998,,,,,1,,,,1,1,1908.885553,120184,,98.21249711341575,,1622.6434241499821,,,,,,,5000,,,,autocomplete_5000_routines,9db49c230c7cab6abe497d14b9f51e39ad30cb42,50,completion,,20541,4,,,baseline,1912.0571639996342,0,
,,,,,,,21.576221000000007,,,,,1,,,,1,0,18.558740000225953,116460,,99.73173105092991,,15.891197150149303,,,,,,,1000,,,,autocomplete_1000_routines,0640c96464dcb50434f97b14d097418b51b110ba,50,completion,,18297,4,,,candidate,21.634258999256417,0,
,,,,,,,33.81949299999998,,,,,1,,,,1,0,30.86240699951304,122348,,99.48894217537644,,26.323016249552882,,,,,,,5000,,,,autocomplete_5000_routines,0640c96464dcb50434f97b14d097418b51b110ba,50,completion,,20541,4,,,candidate,33.993218000432535,0,
,,,,,,,99.58225900000001,,,,,1,,,,1,1,96.43670500019653,116212,,99.05838772544449,,82.04323765014121,,,,,,,1000,,,,autocomplete_1000_routines,9db49c230c7cab6abe497d14b9f51e39ad30cb42,50,completion,,18297,5,,,baseline,100.52885100049025,0,
,,,,,,,1832.920511,,,,,1,,,,1,1,1842.0005990002392,120180,,99.33234034150807,,1565.849571650205,,,,,,,5000,,,,autocomplete_5000_routines,9db49c230c7cab6abe497d14b9f51e39ad30cb42,50,completion,,20541,5,,,baseline,1845.2404370000295,0,
,,,,,,,33.234174,,,,,1,,,,1,0,30.08607599997049,116180,,98.32599348769628,,24.098138999870567,,,,,,,1000,,,,autocomplete_1000_routines,0640c96464dcb50434f97b14d097418b51b110ba,50,completion,,18297,5,,,candidate,33.79998800028261,0,
,,,,,,,34.493291000000035,,,,,1,,,,1,0,31.535833999550963,121940,,99.61824064031292,,26.958856249548255,,,,,,,5000,,,,autocomplete_5000_routines,0640c96464dcb50434f97b14d097418b51b110ba,50,completion,,20541,5,,,candidate,34.62547699928109,0,
,,,,,,,88.51610500000001,,,,,2,,,,1,1,86.81190799972683,117492,,99.0898379244638,,73.84754959982271,,,,,,,1000,,,,autocomplete_1000_routines,9db49c230c7cab6abe497d14b9f51e39ad30cb42,50,completion,,23742,6,,,baseline,89.32914500019251,0,
,,,,,,,1812.4937199999997,,,,,1,,,,1,1,1816.5222509998057,120948,,99.60363036219997,,1544.14975814986,,,,,,,5000,,,,autocomplete_5000_routines,9db49c230c7cab6abe497d14b9f51e39ad30cb42,50,completion,,18297,6,,,baseline,1819.7064839996528,0,
,,,,,,,20.972880999999997,,,,,1,,,,1,0,18.948310000378115,116368,,99.74110347856939,,16.25003620039933,,,,,,,1000,,,,autocomplete_1000_routines,0640c96464dcb50434f97b14d097418b51b110ba,50,completion,,18297,6,,,candidate,21.02732000003016,0,
,,,,,,,51.274142999999995,,,,,1,,,,1,1,52.863787000314915,122128,,91.62964115009375,,45.111912100282986,,,,,,,5000,,,,autocomplete_5000_routines,0640c96464dcb50434f97b14d097418b51b110ba,50,completion,,20541,6,,,candidate,55.958031000045594,0,
,,,,,,,105.54071499999995,,,,,1,,,,1,1,119.61638799959474,116156,,87.0017826675815,,101.83128909963666,,,,,,,1000,,,,autocomplete_1000_routines,9db49c230c7cab6abe497d14b9f51e39ad30cb42,50,completion,,18297,7,,,baseline,121.30868099939107,0,
,,,,,,,1859.3121850000002,,,,,1,,,,1,1,1890.4423859995586,120124,,98.1342223024213,,1607.0155891496318,,,,,,,5000,,,,autocomplete_5000_routines,9db49c230c7cab6abe497d14b9f51e39ad30cb42,50,completion,,20541,7,,,baseline,1894.6623729998464,0,
,,,,,,,20.730142999999977,,,,,1,,,,1,0,16.799951000502915,116448,,99.5786167536917,,14.373261350347088,,,,,,,1000,,,,autocomplete_1000_routines,0640c96464dcb50434f97b14d097418b51b110ba,50,completion,,18297,7,,,candidate,20.817865999561036,0,
,,,,,,,32.67219399999999,,,,,1,,,,1,0,31.763542999324276,122336,,99.55431486957163,,27.04124674944068,,,,,,,5000,,,,autocomplete_5000_routines,0640c96464dcb50434f97b14d097418b51b110ba,50,completion,,20541,7,,,candidate,32.818461000715615,0,
,,,,,,,96.66114600000003,,,,,2,,,,1,1,99.57713199957652,117228,,93.32599594652761,,84.77286429967532,,,,,,,1000,,,,autocomplete_1000_routines,9db49c230c7cab6abe497d14b9f51e39ad30cb42,50,completion,,23742,8,,,baseline,103.5736559997531,0,
,,,,,,,1770.50345,,,,,1,,,,1,1,1786.3314419993185,120684,,98.99109025340847,,1518.5258083494948,,,,,,,5000,,,,autocomplete_5000_routines,9db49c230c7cab6abe497d14b9f51e39ad30cb42,50,completion,,18297,8,,,baseline,1788.548288000129,0,
,,,,,,,20.667350000000027,,,,,1,,,,1,0,19.67578199957643,116104,,99.6962179805116,,16.818726299534312,,,,,,,1000,,,,autocomplete_1000_routines,0640c96464dcb50434f97b14d097418b51b110ba,50,completion,,18297,8,,,candidate,20.730324999931327,0,
,,,,,,,32.522361,,,,,1,,,,1,0,30.335186999873258,121864,,99.71872897255383,,25.868834699867865,,,,,,,5000,,,,autocomplete_5000_routines,0640c96464dcb50434f97b14d097418b51b110ba,50,completion,,20541,8,,,candidate,32.61409500009904,0,
,,,,,6,,20.377727999999983,,,,8.768450999923516,4,,,,0,0,8.09487100024853,123220,,54.236999422329795,,7.888434699925709,,,,,,,,1000,,,render_1000_6_normal,9db49c230c7cab6abe497d14b9f51e39ad30cb42,,render,,46785,0,,,bulk,37.57163599948399,0,
,,,,,6,,36.98505000000002,,,,68.38561800032039,5,,,,1,0,22.567492999878596,134868,,35.23205547466254,,15.217140500335516,,,,,,,,10000,,,render_10000_6_normal,9db49c230c7cab6abe497d14b9f51e39ad30cb42,,render,,55138,0,,,bulk,104.97556699920096,0,
30,,,,,,,337.38985099999996,,,,,60,,,,0,0,11.341952000402669,136148,,66.29146422732815,,10.33218940030565,,,,,,,,,,,scroll_30,9db49c230c7cab6abe497d14b9f51e39ad30cb42,,render,,911474,0,,,bulk,508.9491610006007,0,
,,,,,,,13.950955999999959,,,,,2,,,,0,0,12.70924099946569,140756,,99.57779055207861,,10.883473399571807,,,,,,,,,,,filter_open_10000,9db49c230c7cab6abe497d14b9f51e39ad30cb42,,render,,28981,0,,,bulk,14.010107999638421,0,
,,,,,,,41.80543399999992,,,,,4,,,,1,0,17.2743320000518,142804,,71.95025186980845,,12.99521920020197,,,,,,,,,,,filter_search_10000,9db49c230c7cab6abe497d14b9f51e39ad30cb42,,render,,52892,0,,,bulk,58.10324899994157,0,
,,,,,,,53.56708600000004,,,,,5,,,,1,0,26.916036999973585,145340,,80.08112957202104,,21.435627100090635,,,,,,,,,,,filter_close_10000,9db49c230c7cab6abe497d14b9f51e39ad30cb42,,render,,54303,0,,,bulk,66.8910220001635,0,
,,,,,6,,124.8442299999999,,,,122.80180499965354,6,,,,1,1,87.7786450001804,192564,,98.74166147041012,,66.25548220010381,,,,,,,,50000,,,render_50000_6_normal,9db49c230c7cab6abe497d14b9f51e39ad30cb42,,render,,77109,0,,,bulk,126.43521300014982,0,
,,,,,40,,106.202468,,,,99.83579399977316,6,,,,2,1,62.7868020002279,205236,,77.14162828076468,,37.7428578003855,,,,,,,,5000,,,render_5000_40_wide,9db49c230c7cab6abe497d14b9f51e39ad30cb42,,render,,76909,0,,,bulk,137.6720589996694,0,
,,,,,3,,110.32852100000001,,,,106.42450199975428,6,,,,2,1,62.00924300002953,225952,,78.80030304950193,,37.439480199755025,,,,,,,,1000,,,render_1000_3_long,9db49c230c7cab6abe497d14b9f51e39ad30cb42,,render,,74955,0,,,bulk,140.0102749994403,0,
,,,,,6,,132.98276799999996,,,,100.31608900044375,5,,,,3,1,58.29740399996808,226848,,95.7556669244487,,50.79736319996299,,,,,,,,10000,,,render_10000_6_decimal,9db49c230c7cab6abe497d14b9f51e39ad30cb42,,render,,74352,0,,,bulk,138.87717800025712,0,
,,,,,6,,40.84752799999997,,,,20.515789000455698,4,,,,0,0,16.23507100077404,125388,,66.1294878834717,,16.04747940065863,,,,,,,,1000,,,render_1000_6_normal,9db49c230c7cab6abe497d14b9f51e39ad30cb42,,render,,48321,0,,,preview-thread,61.76900700029364,0,
,,,,,6,,64.11664699999997,,,,64.69693799954257,7,,,,1,0,29.97889899972506,137600,,78.22697917818073,,22.967520199854327,,,,,,,,10000,,,render_10000_6_normal,9db49c230c7cab6abe497d14b9f51e39ad30cb42,,render,,61554,0,,,preview-thread,81.96231999954762,0,
30,,,,,,,341.23351599999995,,,,,60,,,,0,0,10.988020999429862,139136,,65.84081426918391,,10.61600500008353,,,,,,,,,,,scroll_30,9db49c230c7cab6abe497d14b9f51e39ad30cb42,,render,,909707,0,,,preview-thread,518.2704979997652,0,
,,,,,,,14.246701000000028,,,,,2,,,,0,0,10.947294000397958,143744,,99.59694791829722,,9.389776800317117,,,,,,,,,,,filter_open_10000,9db49c230c7cab6abe497d14b9f51e39ad30cb42,,render,,28924,0,,,preview-thread,14.304355000604119,0,
,,,,,,,41.95770700000012,,,,,4,,,,0,0,16.612866999930702,145536,,70.88923733569158,,13.294844200136136,,,,,,,,,,,filter_search_10000,9db49c230c7cab6abe497d14b9f51e39ad30cb42,,render,,52778,0,,,preview-thread,59.18769700019766,0,
,,,,,,,52.04658000000006,,,,,4,,,,1,0,25.653494999569375,148232,,78.54708793820012,,20.62700394946659,,,,,,,,,,,filter_close_10000,9db49c230c7cab6abe497d14b9f51e39ad30cb42,,render,,50570,0,,,preview-thread,66.26162900010968,0,
,,,,,6,,171.78837300000004,,,,131.93222799964133,7,,,,3,1,80.32239299984212,200144,,98.0431376884291,,56.38001619965505,,,,,,,,50000,,,render_50000_6_normal,9db49c230c7cab6abe497d14b9f51e39ad30cb42,,render,,97519,0,,,preview-thread,175.21713099995395,0,
,,,,,40,,168.48948899999994,,,,125.91098199936823,5,,,,2,1,74.47725299982267,207680,,98.99641688792843,,56.28401299993128,,,,,,,,5000,,,render_5000_40_wide,9db49c230c7cab6abe497d14b9f51e39ad30cb42,,render,,87393,0,,,preview-thread,170.19756299941946,0,
,,,,,3,,176.91921599999995,,,,128.17497799915145,5,,,,3,1,77.56613199955609,233232,,96.87198259287416,,56.52375639976525,,,,,,,,1000,,,render_1000_3_long,9db49c230c7cab6abe497d14b9f51e39ad30cb42,,render,,84695,0,,,preview-thread,182.63197600026615,0,
,,,,,6,,126.47469300000003,,,,90.48660499956895,8,,,,2,0,44.108756000350695,233488,,92.83839539615745,,33.6489104002976,,,,,,,,10000,,,render_10000_6_decimal,9db49c230c7cab6abe497d14b9f51e39ad30cb42,,render,,119966,0,,,preview-thread,136.2310200001957,0,
,,,,,6,,17.714948000000007,,,,5.904718000238063,4,,,,0,0,10.349926999988382,115780,,47.97979810236056,,7.8944932501326495,,,,,,,,1000,,,render_1000_6_normal,9db49c230c7cab6abe497d14b9f51e39ad30cb42,,render,,46785,0,,,row-backend,36.92168100042181,0,
,,,,,6,,24.047280000000004,,,,38.79689000041253,5,,,,0,0,8.420304999272046,122180,,43.47953596271223,,7.168275999556498,,,,,,,,10000,,,render_10000_6_normal,9db49c230c7cab6abe497d14b9f51e39ad30cb42,,render,,55138,0,,,row-backend,55.307122000158415,0,
30,,,,,,,358.358972,,,,,59,,,,1,0,20.30143700005283,125124,,66.04381679233784,,11.264829850160819,,,,,,,,,,,scroll_30,9db49c230c7cab6abe497d14b9f51e39ad30cb42,,render,,904210,0,,,row-backend,542.6079070002743,0,
,,,,,,,15.149236000000066,,,,,2,,,,0,0,11.85856199947011,129732,,99.72748338206554,,10.16228489958848,,,,,,,,,,,filter_open_10000,9db49c230c7cab6abe497d14b9f51e39ad30cb42,,render,,28981,0,,,row-backend,15.190632999292575,0,
,,,,,,,60.39628899999994,,,,,4,,,,1,0,33.49353700024949,136676,,80.60317218065464,,25.24417490028098,,,,,,,,,,,filter_search_10000,9db49c230c7cab6abe497d14b9f51e39ad30cb42,,render,,52892,0,,,row-backend,74.93041199995787,0,
,,,,,,,54.163664000000054,,,,,5,,,,1,0,26.577668000863923,140776,,79.14261267607122,,21.804544050310135,,,,,,,,,,,filter_close_10000,9db49c230c7cab6abe497d14b9f51e39ad30cb42,,render,,54303,0,,,row-backend,68.43805399967096,0,
,,,,,6,,60.709416000000125,,,,60.91381500027637,6,,,,2,0,18.02468699963356,163304,,92.03928482460849,,17.62813619990993,,,,,,,,50000,,,render_50000_6_normal,9db49c230c7cab6abe497d14b9f51e39ad30cb42,,render,,77109,0,,,row-backend,65.96033000005264,0,
,,,,,40,,89.29646400000001,,,,83.44695800042246,6,,,,2,0,34.18874600003619,180584,,75.77814721887492,,32.15754539975933,,,,,,,,5000,,,render_5000_40_wide,9db49c230c7cab6abe497d14b9f51e39ad30cb42,,render,,76909,0,,,row-backend,117.83933399965463,0,
,,,,,3,,73.14011300000001,,,,74.4242819991996,6,,,,3,0,23.39259500069602,194024,,68.8539698982993,,22.108142050519746,,,,,,,,1000,,,render_1000_3_long,9db49c230c7cab6abe497d14b9f51e39ad30cb42,,render,,74955,0,,,row-backend,106.22497600070346,0,
,,,,,6,,63.15334000000017,,,,58.715301000120235,6,,,,1,0,20.06915600042703,199144,,69.41777875893655,,17.96616445028121,,,,,,,,10000,,,render_10000_6_decimal,9db49c230c7cab6abe497d14b9f51e39ad30cb42,,render,,75185,0,,,row-backend,90.97574299994449,0,
,,,,,6,,74.88927699999998,,,,27.61121500043373,8,,,,1,0,25.092332000094757,121968,,45.0623157249081,,10.457763799895465,,,,,,,,1000,,,render_1000_6_normal,9db49c230c7cab6abe497d14b9f51e39ad30cb42,,render,,71643,0,,,baseline,166.1904760003381,0,
,,,,,6,,89.09012799999994,,,,58.20286299967847,8,,,,1,0,17.85358700009965,130036,,38.851462411819824,,11.275917500252033,,,,,,,,10000,,,render_10000_6_normal,9db49c230c7cab6abe497d14b9f51e39ad30cb42,,render,,71586,0,,,baseline,229.30958699998882,0,
30,,,,,,,343.72934399999997,,,,,60,,,,0,0,11.944903999501546,132212,,64.43538329052816,,10.83012100036285,,,,,,,,,,,scroll_30,9db49c230c7cab6abe497d14b9f51e39ad30cb42,,render,,910953,0,,,baseline,533.4481250001772,0,
,,,,,,,24.579482999999904,,,,,2,,,,0,0,10.177258000221626,136948,,98.9556218166965,,10.11630920031166,,,,,,,,,,,filter_open_10000,9db49c230c7cab6abe497d14b9f51e39ad30cb42,,render,,28980,0,,,baseline,24.838895000357297,0,
,,,,,,,66.91288499999982,,,,,3,,,,2,0,27.318411999767704,138612,,92.1199775242046,,25.272061499772462,,,,,,,,,,,filter_search_10000,9db49c230c7cab6abe497d14b9f51e39ad30cb42,,render,,49857,0,,,baseline,72.63667100050952,0,
,,,,,,,83.15926999999989,,,,,3,,,,2,0,43.43542700018588,144044,,94.41131107390973,,38.42331200018634,,,,,,,,,,,filter_close_10000,9db49c230c7cab6abe497d14b9f51e39ad30cb42,,render,,46923,0,,,baseline,88.08189299998048,0,
,,,,,6,,381.9620300000002,,,,117.42528199920343,21,,,,4,0,45.459763000617386,178304,,25.596934636330847,,11.567013600251803,,,,,,,,50000,,,render_50000_6_normal,9db49c230c7cab6abe497d14b9f51e39ad30cb42,,render,,156567,0,,,baseline,1492.2178590004478,0,
,,,,,40,,181.66935900000004,,,,90.49160599988681,10,,,,4,0,38.01142799977242,204188,,37.889247064694466,,16.293060000061814,,,,,,,,5000,,,render_5000_40_wide,9db49c230c7cab6abe497d14b9f51e39ad30cb42,,render,,99466,0,,,baseline,479.4747139994797,0,
,,,,,3,,93.40466800000003,,,,87.62216400009493,6,,,,3,0,30.61059900039254,248160,,70.8396958837415,,27.431529600216884,,,,,,,,1000,,,render_1000_3_long,9db49c230c7cab6abe497d14b9f51e39ad30cb42,,render,,74784,0,,,baseline,131.85357000020304,0,
,,,,,6,,100.46807800000002,,,,78.08544299950881,5,,,,2,0,28.939912999812805,253664,,78.83773209761591,,22.446460399914926,,,,,,,,10000,,,render_10000_6_decimal,9db49c230c7cab6abe497d14b9f51e39ad30cb42,,render,,79404,0,,,baseline,127.43654000041715,0,
,,,,,6,,28.622862000000026,,,,16.726511999877403,5,,,,0,0,15.432170999811204,121868,,55.767906814562714,,12.781892999664702,,,,,,,,1000,,,render_1000_6_normal,9db49c230c7cab6abe497d14b9f51e39ad30cb42,,render,,54750,0,,,timer500,51.32497100021283,0,
,,,,,6,,68.189585,,,,39.92130099959468,7,,,,0,0,14.688317000145615,132048,,64.01254375618934,,10.794901250046676,,,,,,,,10000,,,render_10000_6_normal,9db49c230c7cab6abe497d14b9f51e39ad30cb42,,render,,67935,0,,,timer500,106.52534800010471,0,
30,,,,,,,341.23484800000006,,,,,60,,,,0,0,12.319642000074962,134096,,67.25693699538714,,11.24508040040382,,,,,,,,,,,scroll_30,9db49c230c7cab6abe497d14b9f51e39ad30cb42,,render,,910953,0,,,timer500,507.3600779996923,0,
,,,,,,,22.966908000000007,,,,,2,,,,1,0,22.620728999863786,138704,,95.39973863569233,,19.34071214993309,,,,,,,,,,,filter_open_10000,9db49c230c7cab6abe497d14b9f51e39ad30cb42,,render,,28980,0,,,timer500,24.074392999864358,0,
,,,,,,,44.318521,,,,,3,,,,2,0,23.172358000119857,140368,,69.65114878377813,,21.446345800104606,,,,,,,,,,,filter_search_10000,9db49c230c7cab6abe497d14b9f51e39ad30cb42,,render,,49857,0,,,timer500,63.629274999584595,0,
,,,,,,,53.637175999999954,,,,,5,,,,1,0,25.0613079998584,144232,,76.28413662041542,,19.071213999923195,,,,,,,,,,,filter_close_10000,9db49c230c7cab6abe497d14b9f51e39ad30cb42,,render,,54189,0,,,timer500,70.3123589992174,0,
,,,,,6,,344.5636790000002,,,,60.6571950002035,28,,,,1,0,17.875192000356037,184704,,78.04287832801681,,8.240198849734949,,,,,,,,50000,,,render_50000_6_normal,9db49c230c7cab6abe497d14b9f51e39ad30cb42,,render,,221200,0,,,timer500,441.5056010002445,0,
,,,,,40,,122.39907100000002,,,,62.59115099965129,8,,,,2,0,19.812820999613905,217528,,91.33730500409784,,19.6603504999257,,,,,,,,5000,,,render_5000_40_wide,9db49c230c7cab6abe497d14b9f51e39ad30cb42,,render,,92264,0,,,timer500,134.00775399986742,0,
,,,,,3,,103.11262500000007,,,,84.31755699984933,5,,,,4,0,29.565119999570015,260612,,77.05875253362275,,26.701826049857114,,,,,,,,1000,,,render_1000_3_long,9db49c230c7cab6abe497d14b9f51e39ad30cb42,,render,,73424,0,,,timer500,133.8103999996747,0,
,,,,,6,,142.88542199999998,,,,106.51781499927893,7,,,,2,1,65.88849599949754,265220,,85.7203082594182,,34.001557149686036,,,,,,,,10000,,,render_10000_6_decimal,9db49c230c7cab6abe497d14b9f51e39ad30cb42,,render,,86251,0,,,timer500,166.68794700035505,0,
,,,,,6,,48.152058,,,,17.679745000350522,8,,,,0,0,16.432648999507364,122224,,24.555593979879596,,6.8929053998726815,,,,,,,,1000,,,render_1000_6_normal,0640c96464dcb50434f97b14d097418b51b110ba,,render,,71643,0,,,candidate,196.09404699986044,0,
,,,,,6,,67.64431599999998,,,,49.63120400043408,8,,,,0,0,11.535716000362298,129972,,37.61251228616748,,11.355855650044758,,,,,,,,10000,,,render_10000_6_normal,0640c96464dcb50434f97b14d097418b51b110ba,,render,,71643,0,,,candidate,179.84524799976498,0,
30,,,,,,,348.939284,,,,,61,,,,0,0,12.682065000371948,132148,,68.61770075938028,,10.494543100248844,,,,,,,,,,,scroll_30,0640c96464dcb50434f97b14d097418b51b110ba,,render,,919312,0,,,candidate,508.5266340001908,0,
,,,,,,,13.985742000000023,,,,,2,,,,0,0,11.777241999989199,136756,,99.43948541189022,,10.090984750077036,,,,,,,,,,,filter_open_10000,0640c96464dcb50434f97b14d097418b51b110ba,,render,,28980,0,,,candidate,14.064576000237139,0,
,,,,,,,44.09949000000002,,,,,5,,,,0,0,15.7722979994287,138548,,74.33573175873047,,14.608946649623245,,,,,,,,,,,filter_search_10000,0640c96464dcb50434f97b14d097418b51b110ba,,render,,55699,0,,,candidate,59.32475400004478,0,
,,,,,,,52.89394999999997,,,,,5,,,,1,0,27.91005099981703,144124,,81.81998040520544,,21.282877650100986,,,,,,,,,,,filter_close_10000,0640c96464dcb50434f97b14d097418b51b110ba,,render,,54189,0,,,candidate,64.64673999926163,0,
,,,,,6,,305.51812599999994,,,,58.01851300020644,21,,,,3,0,19.017915000513312,178188,,24.19451758182214,,10.215149799587373,,,,,,,,50000,,,render_50000_6_normal,0640c96464dcb50434f97b14d097418b51b110ba,,render,,153827,0,,,candidate,1262.757667999722,0,
,,,,,40,,146.17659000000006,,,,60.597667999900295,12,,,,2,0,21.34086899979593,204244,,30.46603504116315,,12.262858800131637,,,,,,,,5000,,,render_5000_40_wide,0640c96464dcb50434f97b14d097418b51b110ba,,render,,106621,0,,,candidate,479.8018179999417,0,
,,,,,3,,94.38714000000003,,,,61.772572999871045,7,,,,2,0,20.33771300022636,248128,,52.427284349856805,,16.45349060028819,,,,,,,,1000,,,render_1000_3_long,0640c96464dcb50434f97b14d097418b51b110ba,,render,,80745,0,,,candidate,180.03438699997787,0,
,,,,,6,,99.8917829999999,,,,65.11748399952921,7,,,,1,0,27.814647000122932,254400,,52.87910273167933,,14.609174999914101,,,,,,,,10000,,,render_10000_6_decimal,0640c96464dcb50434f97b14d097418b51b110ba,,render,,81112,0,,,candidate,188.90597199970216,0,
,,,,,6,,22.690050000000017,,,,9.92237899936299,4,,,,0,0,8.421208000181649,123220,,58.05573338113325,,8.32066665008824,,,,,,,,1000,,,render_1000_6_normal,9db49c230c7cab6abe497d14b9f51e39ad30cb42,,render,,46785,1,,,bulk,39.08322000006592,0,
,,,,,6,,55.154099999999985,,,,68.23944000007032,6,,,,1,0,20.094611999520566,134880,,65.03175276822304,,16.054475999790156,,,,,,,,10000,,,render_10000_6_normal,9db49c230c7cab6abe497d14b9f51e39ad30cb42,,render,,58785,1,,,bulk,84.81103099984466,0,
30,,,,,,,376.48928699999993,,,,,60,,,,1,0,23.326460999778647,135904,,69.81533457632632,,14.303360350022555,,,,,,,,,,,scroll_30,9db49c230c7cab6abe497d14b9f51e39ad30cb42,,render,,912616,1,,,bulk,539.2644599996856,0,
,,,,,,,16.583096999999935,,,,,2,,,,1,0,18.47839300000487,140640,,79.69628123441238,,16.003439500100278,,,,,,,,,,,filter_open_10000,9db49c230c7cab6abe497d14b9f51e39ad30cb42,,render,,28981,1,,,bulk,20.807867999792506,0,
,,,,,,,53.12022000000005,,,,,3,,,,2,0,23.56677700037835,142432,,67.11969408548354,,22.664645000322707,,,,,,,,,,,filter_search_10000,9db49c230c7cab6abe497d14b9f51e39ad30cb42,,render,,49971,1,,,bulk,79.14252399950783,0,
,,,,,,,58.989067000000176,,,,,5,,,,1,0,28.087869999690156,147444,,84.99736718675776,,23.68914129994663,,,,,,,,,,,filter_close_10000,9db49c230c7cab6abe497d14b9f51e39ad30cb42,,render,,54303,1,,,bulk,69.40105200010294,0,
,,,,,6,,148.82865999999996,,,,148.39117999963491,6,,,,2,1,102.15371099922777,191192,,96.38828928000746,,77.88643229952862,,,,,,,,50000,,,render_50000_6_normal,9db49c230c7cab6abe497d14b9f51e39ad30cb42,,render,,77109,1,,,bulk,154.40533400033019,0,
,,,,,40,,122.3474149999999,,,,116.39644099977886,6,,,,2,1,74.67661699967721,204896,,81.17063801938544,,47.54111199974432,,,,,,,,5000,,,render_5000_40_wide,9db49c230c7cab6abe497d14b9f51e39ad30cb42,,render,,76909,1,,,bulk,150.72865999991336,0,
,,,,,3,,120.39812500000014,,,,130.87646199983283,6,,,,4,0,35.5807030001597,226136,,69.89784491494979,,33.50222260025475,,,,,,,,1000,,,render_1000_3_long,9db49c230c7cab6abe497d14b9f51e39ad30cb42,,render,,74955,1,,,bulk,172.2486939997907,0,
,,,,,6,,92.28066400000002,,,,90.96328599935077,6,,,,2,0,49.51830299989524,227160,,70.606783506216,,34.48162250026144,,,,,,,,10000,,,render_10000_6_decimal,9db49c230c7cab6abe497d14b9f51e39ad30cb42,,render,,75185,1,,,bulk,130.69659800021327,0,
,,,,,6,,44.48709299999998,,,,33.959618999688246,5,,,,1,0,27.911025000430527,125368,,63.445173085177395,,17.97531029998934,,,,,,,,1000,,,render_1000_6_normal,9db49c230c7cab6abe497d14b9f51e39ad30cb42,,render,,51482,1,,,preview-thread,70.11895600044227,0,
,,,,,6,,55.36865899999999,,,,71.88388200029294,6,,,,1,0,23.190772000016295,137360,,62.73705169127226,,13.724431600094228,,,,,,,,10000,,,render_10000_6_normal,9db49c230c7cab6abe497d14b9f51e39ad30cb42,,render,,57907,1,,,preview-thread,88.25511800023378,0,
30,,,,,,,348.1826170000001,,,,,60,,,,0,0,12.791619000490753,139024,,68.88043076385993,,10.260848799880474,,,,,,,,,,,scroll_30,9db49c230c7cab6abe497d14b9f51e39ad30cb42,,render,,909707,1,,,preview-thread,505.48844300010387,0,
,,,,,,,14.601121999999966,,,,,2,,,,0,0,10.356785999756537,143632,,99.46220287401776,,8.891571749854842,,,,,,,,,,,filter_open_10000,9db49c230c7cab6abe497d14b9f51e39ad30cb42,,render,,28924,1,,,preview-thread,14.68007099992974,0,
,,,,,,,43.939003000000085,,,,,4,,,,0,0,16.605223999358714,145680,,75.57498751636177,,14.631482299382693,,,,,,,,,,,filter_search_10000,9db49c230c7cab6abe497d14b9f51e39ad30cb42,,render,,52778,1,,,preview-thread,58.13961000058043,0,
,,,,,,,79.193289,,,,,5,,,,1,1,50.845356999270734,150236,,78.33677196948553,,35.28401939976901,,,,,,,,,,,filter_close_10000,9db49c230c7cab6abe497d14b9f51e39ad30cb42,,render,,54189,1,,,preview-thread,101.09337799985951,0,
,,,,,6,,203.5524470000001,,,,155.2450469998803,7,,,,3,1,94.78363200025342,201300,,89.23396496983763,,52.789340700310255,,,,,,,,50000,,,render_50000_6_normal,9db49c230c7cab6abe497d14b9f51e39ad30cb42,,render,,97519,1,,,preview-thread,228.1109519999518,0,
,,,,,40,,176.54575800000006,,,,129.14012400051433,7,,,,2,1,79.53679500053113,207948,,87.83060666271801,,47.475166700423856,,,,,,,,5000,,,render_5000_40_wide,9db49c230c7cab6abe497d14b9f51e39ad30cb42,,render,,97363,1,,,preview-thread,201.00710299993807,0,
,,,,,3,,156.57460899999998,,,,105.95215699959226,5,,,,5,0,47.299298999969324,238800,,96.79929211541503,,40.579673150086805,,,,,,,,1000,,,render_1000_3_long,9db49c230c7cab6abe497d14b9f51e39ad30cb42,,render,,84695,1,,,preview-thread,161.75181200014777,0,
,,,,,6,,175.72852900000012,,,,125.83391799944366,7,,,,3,1,73.42609199997241,239056,,86.6911802543094,,45.04639499966281,,,,,,,,10000,,,render_10000_6_decimal,9db49c230c7cab6abe497d14b9f51e39ad30cb42,,render,,102828,1,,,preview-thread,202.70635200085962,0,
,,,,,6,,29.270943999999965,,,,10.537309000028472,3,,,,0,0,16.270571999593813,115432,,61.29809171785851,,13.461714899740395,,,,,,,,1000,,,render_1000_6_normal,9db49c230c7cab6abe497d14b9f51e39ad30cb42,,render,,43624,1,,,row-backend,47.7518030002102,0,
,,,,,6,,25.498016999999983,,,,43.61113699997077,5,,,,0,0,8.007810000090101,121960,,41.84069702692524,,7.349991299697647,,,,,,,,10000,,,render_10000_6_normal,9db49c230c7cab6abe497d14b9f51e39ad30cb42,,render,,55138,1,,,row-backend,60.94070799917972,0,
30,,,,,,,356.018822,,,,,61,,,,0,0,15.906024000396426,124776,,65.85639600736002,,11.789001299230215,,,,,,,,,,,scroll_30,9db49c230c7cab6abe497d14b9f51e39ad30cb42,,render,,919882,1,,,row-backend,540.5987020003522,0,
,,,,,,,16.123777999999977,,,,,2,,,,0,0,14.106710000414749,129512,,98.17262691947533,,12.080011850293879,,,,,,,,,,,filter_open_10000,9db49c230c7cab6abe497d14b9f51e39ad30cb42,,render,,28981,1,,,row-backend,16.423904000475886,0,
,,,,,,,50.99682299999997,,,,,5,,,,1,0,23.612973999770475,136472,,85.73653176755634,,20.251635699896717,,,,,,,,,,,filter_search_10000,9db49c230c7cab6abe497d14b9f51e39ad30cb42,,render,,55813,1,,,row-backend,59.480855999936466,0,
,,,,,,,76.53609300000008,,,,,5,,,,1,1,53.52203799986455,139996,,76.7218481031218,,39.239869399962096,,,,,,,,,,,filter_close_10000,9db49c230c7cab6abe497d14b9f51e39ad30cb42,,render,,54303,1,,,row-backend,99.7578849992351,0,
,,,,,6,,62.19032400000013,,,,62.86975300008635,6,,,,2,0,20.00988799965853,163292,,89.56359555281252,,19.283724499673554,,,,,,,,50000,,,render_50000_6_normal,9db49c230c7cab6abe497d14b9f51e39ad30cb42,,render,,77109,1,,,row-backend,69.43705600042449,0,
,,,,,40,,67.77957899999998,,,,62.571436000325775,6,,,,2,0,22.025817999856372,180700,,67.73139353190463,,19.930452999797122,,,,,,,,5000,,,render_5000_40_wide,9db49c230c7cab6abe497d14b9f51e39ad30cb42,,render,,76909,1,,,row-backend,100.07114200016076,0,
,,,,,3,,102.82120700000009,,,,98.48956299993006,6,,,,3,0,38.965077999928326,194012,,82.73253404743032,,34.425493300177536,,,,,,,,1000,,,render_1000_3_long,9db49c230c7cab6abe497d14b9f51e39ad30cb42,,render,,74955,1,,,row-backend,124.28146699949139,0,
,,,,,6,,92.46530100000005,,,,86.92360700024437,6,,,,2,0,37.972048999217805,199516,,74.61714785475097,,32.71140404969628,,,,,,,,10000,,,render_10000_6_decimal,9db49c230c7cab6abe497d14b9f51e39ad30cb42,,render,,75185,1,,,row-backend,123.91964000016742,0,
,,,,,6,,65.58370399999997,,,,24.50896099981037,8,,,,1,0,19.511986000106845,122216,,33.54063733714762,,11.139028500219863,,,,,,,,1000,,,render_1000_6_normal,9db49c230c7cab6abe497d14b9f51e39ad30cb42,,render,,71643,1,,,baseline,195.53505600015342,0,
,,,,,6,,73.33557400000007,,,,45.068948000334785,10,,,,0,0,11.746188999604781,130256,,20.599858522067308,,4.6625990001484725,,,,,,,,10000,,,render_10000_6_normal,9db49c230c7cab6abe497d14b9f51e39ad30cb42,,render,,81695,1,,,baseline,356.00037699987297,0,
30,,,,,,,389.098021,,,,,59,,,,0,0,14.671344000016687,132304,,74.32269295643984,,13.221839799934965,,,,,,,,,,,scroll_30,9db49c230c7cab6abe497d14b9f51e39ad30cb42,,render,,893560,1,,,baseline,523.5251920003066,0,
,,,,,,,15.06641799999997,,,,,2,,,,0,0,12.421016000298549,136912,,95.61823476643644,,10.652621150275076,,,,,,,,,,,filter_open_10000,9db49c230c7cab6abe497d14b9f51e39ad30cb42,,render,,28980,1,,,baseline,15.756845999931102,0,
,,,,,,,46.64218599999992,,,,,5,,,,1,0,18.129080000217073,138704,,81.94535695576438,,16.695121700395244,,,,,,,,,,,filter_search_10000,9db49c230c7cab6abe497d14b9f51e39ad30cb42,,render,,55699,1,,,baseline,56.918643999779306,0,
,,,,,,,56.615411000000115,,,,,5,,,,1,0,27.57430600024236,144284,,88.62660935738106,,22.595170299991864,,,,,,,,,,,filter_close_10000,9db49c230c7cab6abe497d14b9f51e39ad30cb42,,render,,54189,1,,,baseline,63.880827000502904,0,
,,,,,6,,272.1815350000001,,,,55.179228999804764,19,,,,3,0,20.670091999927536,178280,,24.42473741328208,,11.974795700025389,,,,,,,,50000,,,render_50000_6_normal,9db49c230c7cab6abe497d14b9f51e39ad30cb42,,render,,143773,1,,,baseline,1114.368316000764,0,
,,,,,40,,171.56773600000008,,,,60.16165299934073,12,,,,2,0,20.16057400043792,204188,,33.953674378301216,,13.033428049693603,,,,,,,,5000,,,render_5000_40_wide,9db49c230c7cab6abe497d14b9f51e39ad30cb42,,render,,106621,1,,,baseline,505.2994679999756,0,
,,,,,3,,104.91770000000011,,,,100.32872200008569,6,,,,3,0,38.58271199998853,248004,,80.85558676796747,,35.0391509997462,,,,,,,,1000,,,render_1000_3_long,9db49c230c7cab6abe497d14b9f51e39ad30cb42,,render,,74784,1,,,baseline,129.75937000010163,0,
,,,,,6,,100.97511600000009,,,,70.22341300034896,6,,,,1,0,29.99985599955835,253568,,59.19210718709902,,16.387052350064547,,,,,,,,10000,,,render_10000_6_decimal,9db49c230c7cab6abe497d14b9f51e39ad30cb42,,render,,80258,1,,,baseline,170.5888180003967,0,
,,,,,6,,44.45485900000001,,,,27.19712599991908,6,,,,1,0,22.420389000326395,122000,,75.44122352315918,,19.284393300149524,,,,,,,,1000,,,render_1000_6_normal,9db49c230c7cab6abe497d14b9f51e39ad30cb42,,render,,58401,1,,,timer500,58.92648200006079,0,
,,,,,6,,89.65810099999993,,,,43.8933730001736,8,,,,0,0,15.026352999593653,132156,,74.9481028148219,,7.829161599347559,,,,,,,,10000,,,render_10000_6_normal,9db49c230c7cab6abe497d14b9f51e39ad30cb42,,render,,77170,1,,,timer500,119.62691200005793,0,
30,,,,,,,343.09004300000004,,,,,60,,,,0,0,11.799037000055248,133948,,64.58033181843179,,10.883852200204272,,,,,,,,,,,scroll_30,9db49c230c7cab6abe497d14b9f51e39ad30cb42,,render,,910953,1,,,timer500,531.2608859994725,0,
,,,,,,,20.340723999999977,,,,,2,,,,0,0,16.49648399972648,138556,,97.1225763096307,,14.129129399834705,,,,,,,,,,,filter_open_10000,9db49c230c7cab6abe497d14b9f51e39ad30cb42,,render,,28980,1,,,timer500,20.943353000802745,0,
,,,,,,,47.4909859999999,,,,,5,,,,1,0,19.190723999709007,140152,,83.8805476075575,,17.528840099948862,,,,,,,,,,,filter_search_10000,9db49c230c7cab6abe497d14b9f51e39ad30cb42,,render,,55699,1,,,timer500,56.617401000039536,0,
,,,,,,,77.612676,,,,,5,,,,1,0,44.970103000305244,144028,,96.00742382303136,,37.166142250152916,,,,,,,,,,,filter_close_10000,9db49c230c7cab6abe497d14b9f51e39ad30cb42,,render,,54189,1,,,timer500,80.84028600023885,0,
,,,,,6,,434.1841820000001,,,,69.50815999971383,31,,,,2,0,28.63345300022047,184964,,80.40088750413011,,12.557363800278823,,,,,,,,50000,,,render_50000_6_normal,9db49c230c7cab6abe497d14b9f51e39ad30cb42,,render,,243296,1,,,timer500,540.0241159995858,0,
,,,,,40,,129.819817,,,,66.85373300024366,6,,,,2,0,21.902784000412794,217632,,92.37607547333604,,21.559074400165628,,,,,,,,5000,,,render_5000_40_wide,9db49c230c7cab6abe497d14b9f51e39ad30cb42,,render,,82322,1,,,timer500,140.53402500030643,0,
,,,,,3,,129.06393100000014,,,,112.6482390000092,5,,,,3,0,44.187595000148576,260572,,86.62401681281248,,39.76833400035501,,,,,,,,1000,,,render_1000_3_long,9db49c230c7cab6abe497d14b9f51e39ad30cb42,,render,,73424,1,,,timer500,148.99324199996045,0,
,,,,,6,,122.460542,,,,73.64201299969864,7,,,,2,0,29.444021000126668,263004,,81.40031560099415,,23.157934249520622,,,,,,,,10000,,,render_10000_6_decimal,9db49c230c7cab6abe497d14b9f51e39ad30cb42,,render,,91453,1,,,timer500,150.44234300057724,0,
,,,,,6,,62.42419500000002,,,,19.856402999721467,8,,,,1,0,17.476085000562307,122072,,31.985358084946228,,10.563172400106838,,,,,,,,1000,,,render_1000_6_normal,0640c96464dcb50434f97b14d097418b51b110ba,,render,,71643,1,,,candidate,195.1649090005958,0,
,,,,,6,,59.34147500000003,,,,45.8620150002389,8,,,,0,0,13.416883000099913,130052,,33.170516021185556,,9.554039500126237,,,,,,,,10000,,,render_10000_6_normal,0640c96464dcb50434f97b14d097418b51b110ba,,render,,71643,1,,,candidate,178.89825700058282,0,
30,,,,,,,368.307348,,,,,60,,,,1,0,17.062904999984312,132100,,66.57872918205663,,12.383803749680736,,,,,,,,,,,scroll_30,0640c96464dcb50434f97b14d097418b51b110ba,,render,,910953,1,,,candidate,553.1907149998005,0,
,,,,,,,14.943718999999911,,,,,2,,,,0,0,10.645343999494797,136836,,99.16953903809802,,9.157878749574587,,,,,,,,,,,filter_open_10000,0640c96464dcb50434f97b14d097418b51b110ba,,render,,28980,1,,,candidate,15.06885999970109,0,
,,,,,,,71.82252999999994,,,,,5,,,,1,0,40.62834699936502,138372,,93.00293583446764,,33.77473874945281,,,,,,,,,,,filter_search_10000,0640c96464dcb50434f97b14d097418b51b110ba,,render,,55699,1,,,candidate,77.22608899985062,0,
,,,,,,,79.3374309999999,,,,,3,,,,1,0,45.233855999977095,144192,,92.53344517604651,,37.7952009999899,,,,,,,,,,,filter_close_10000,0640c96464dcb50434f97b14d097418b51b110ba,,render,,46923,1,,,candidate,85.7391950003148,0,
,,,,,6,,424.5300539999999,,,,85.57904100052838,25,,,,5,0,34.625896999496035,178144,,27.257197093499823,,11.752965000523544,,,,,,,,50000,,,render_50000_6_normal,0640c96464dcb50434f97b14d097418b51b110ba,,render,,173935,1,,,candidate,1557.497099000102,0,
,,,,,40,,158.50261600000005,,,,68.3170729998892,11,,,,2,0,22.751347000048554,204280,,32.79778876944076,,11.967705600018226,,,,,,,,5000,,,render_5000_40_wide,0640c96464dcb50434f97b14d097418b51b110ba,,render,,103053,1,,,candidate,483.2722629998898,0,
,,,,,3,,125.81989800000004,,,,95.36347499943076,7,,,,2,0,41.54807199949573,248232,,68.29147127527735,,31.42113339992645,,,,,,,,1000,,,render_1000_3_long,0640c96464dcb50434f97b14d097418b51b110ba,,render,,80745,1,,,candidate,184.23954799982312,0,
,,,,,6,,144.8482369999997,,,,99.09588000027725,9,,,,3,1,50.45849900045141,254632,,39.56502142175853,,17.437043399986567,,,,,,,,10000,,,render_10000_6_decimal,0640c96464dcb50434f97b14d097418b51b110ba,,render,,87980,1,,,candidate,366.1017530002937,0,
,,,,,6,,39.178619000000026,,,,16.37215800019476,3,,,,1,0,19.573923000389186,123132,,59.00553938244608,,16.17706335025104,,,,,,,,1000,,,render_1000_6_normal,9db49c230c7cab6abe497d14b9f51e39ad30cb42,,render,,43624,2,,,bulk,66.39820499913185,0,
,,,,,6,,45.64850400000003,,,,43.923090000134835,5,,,,1,0,16.9309730000532,134720,,76.24927337397664,,15.01186280012916,,,,,,,,10000,,,render_10000_6_normal,9db49c230c7cab6abe497d14b9f51e39ad30cb42,,render,,55138,2,,,bulk,59.867461000067124,0,
30,,,,,,,378.51585099999994,,,,,59,,,,0,0,16.007821000239346,135872,,68.20878185913473,,14.520059850083266,,,,,,,,,,,scroll_30,9db49c230c7cab6abe497d14b9f51e39ad30cb42,,render,,905352,2,,,bulk,554.937121999501,0,
,,,,,,,23.041397999999937,,,,,2,,,,1,0,18.87435899981938,140608,,98.95431306976259,,16.152421349825083,,,,,,,,,,,filter_open_10000,9db49c230c7cab6abe497d14b9f51e39ad30cb42,,render,,28981,2,,,bulk,23.28488499915693,0,
,,,,,,,78.26290200000008,,,,,3,,,,2,0,34.18911199980357,142400,,98.16481868963365,,30.53744199984976,,,,,,,,,,,filter_search_10000,9db49c230c7cab6abe497d14b9f51e39ad30cb42,,render,,49971,2,,,bulk,79.72601900019072,0,
,,,,,,,64.67209100000004,,,,,5,,,,1,0,30.124824999911652,146336,,86.9131319028474,,25.826016699938908,,,,,,,,,,,filter_close_10000,9db49c230c7cab6abe497d14b9f51e39ad30cb42,,render,,54303,2,,,bulk,74.41003400072077,0,
,,,,,6,,141.79713500000003,,,,139.67088899971714,6,,,,2,1,93.78373900028237,192384,,82.83169540478524,,54.60050315047733,,,,,,,,50000,,,render_50000_6_normal,9db49c230c7cab6abe497d14b9f51e39ad30cb42,,render,,77109,2,,,bulk,171.1870489998546,0,
,,,,,40,,139.07615499999991,,,,137.586021000061,6,,,,2,1,89.25795500010281,204936,,94.71856010612191,,68.57410610011351,,,,,,,,5000,,,render_5000_40_wide,9db49c230c7cab6abe497d14b9f51e39ad30cb42,,render,,76909,2,,,bulk,146.8309430001682,0,
,,,,,3,,108.90964600000008,,,,122.90835799922206,6,,,,3,1,58.71233299978485,227056,,69.872470874215,,42.5828570001795,,,,,,,,1000,,,render_1000_3_long,9db49c230c7cab6abe497d14b9f51e39ad30cb42,,render,,74955,2,,,bulk,155.8691780001027,0,
,,,,,6,,129.62635999999983,,,,87.77808100057882,6,,,,3,0,47.03045199959888,227312,,78.08767756904479,,44.134719049789055,,,,,,,,10000,,,render_10000_6_decimal,9db49c230c7cab6abe497d14b9f51e39ad30cb42,,render,,75185,2,,,bulk,166.00104400004057,0,
,,,,,6,,35.60722900000002,,,,20.648708999942755,5,,,,1,0,18.60530599980848,125584,,68.3795735381666,,15.498399750067614,,,,,,,,1000,,,render_1000_6_normal,9db49c230c7cab6abe497d14b9f51e39ad30cb42,,render,,51482,2,,,preview-thread,52.07290299949818,0,
,,,,,6,,64.86400999999998,,,,74.4443699995827,7,,,,1,0,29.883377000369364,137676,,70.69319867086367,,20.805140499869594,,,,,,,,10000,,,render_10000_6_normal,9db49c230c7cab6abe497d14b9f51e39ad30cb42,,render,,61554,2,,,preview-thread,91.75424400018528,0,
30,,,,,,,348.60703700000005,,,,,59,,,,0,0,13.590872999993733,139212,,67.37805328301721,,11.821648300174273,,,,,,,,,,,scroll_30,9db49c230c7cab6abe497d14b9f51e39ad30cb42,,render,,902443,2,,,preview-thread,517.3895950001679,0,
,,,,,,,14.263898999999913,,,,,2,,,,0,0,12.982073999519342,143820,,99.67339681084091,,11.117038949550983,,,,,,,,,,,filter_open_10000,9db49c230c7cab6abe497d14b9f51e39ad30cb42,,render,,28924,2,,,preview-thread,14.310638000097242,0,
,,,,,,,70.29917799999996,,,,,3,,,,1,0,33.48976900007983,145612,,85.91226578394945,,26.55855205004626,,,,,,,,,,,filter_search_10000,9db49c230c7cab6abe497d14b9f51e39ad30cb42,,render,,49857,2,,,preview-thread,81.82670699989103,0,
,,,,,,,72.45422099999988,,,,,4,,,,1,0,44.28015600034996,149256,,94.33575625168591,,35.96870450007373,,,,,,,,,,,filter_close_10000,9db49c230c7cab6abe497d14b9f51e39ad30cb42,,render,,50570,2,,,preview-thread,76.80462200005422,0,
,,,,,6,,223.4920490000001,,,,174.43233900030464,7,,,,2,1,118.35756100037543,200292,,90.49150657627592,,60.7361114001105,,,,,,,,50000,,,render_50000_6_normal,9db49c230c7cab6abe497d14b9f51e39ad30cb42,,render,,97519,2,,,preview-thread,246.97571899923787,0,
,,,,,40,,145.3672829999999,,,,99.82990600019548,7,,,,2,1,61.97565100057545,207788,,100.61217809671672,,43.88707700029043,,,,,,,,5000,,,render_5000_40_wide,9db49c230c7cab6abe497d14b9f51e39ad30cb42,,render,,97363,2,,,preview-thread,144.48279099997308,0,
,,,,,3,,165.417591,,,,111.94049499954417,5,,,,4,1,51.827116000022215,237792,,99.26376084945306,,42.592820400132034,,,,,,,,1000,,,render_1000_3_long,9db49c230c7cab6abe497d14b9f51e39ad30cb42,,render,,84695,2,,,preview-thread,166.6444929996942,0,
,,,,,6,,135.13588899999985,,,,94.95251200041821,5,,,,2,1,50.73838100008288,238048,,97.89199042545187,,37.96141260001603,,,,,,,,10000,,,render_10000_6_decimal,9db49c230c7cab6abe497d14b9f51e39ad30cb42,,render,,95960,2,,,preview-thread,138.0459100000735,0,
,,,,,6,,26.357225999999955,,,,9.529230000225652,5,,,,0,0,13.189532999713263,116492,,60.45243362983703,,11.81434374972923,,,,,,,,1000,,,render_1000_6_normal,9db49c230c7cab6abe497d14b9f51e39ad30cb42,,render,,53212,2,,,row-backend,43.59994199967332,0,
,,,,,6,,39.79769500000002,,,,46.71602899998106,6,,,,0,0,13.650867999895125,122124,,60.809745463435874,,13.484923600044565,,,,,,,,10000,,,render_10000_6_normal,9db49c230c7cab6abe497d14b9f51e39ad30cb42,,render,,58785,2,,,row-backend,65.44624500020291,0,
30,,,,,,,378.19064199999997,,,,,59,,,,1,0,26.455316000574385,124940,,64.33971864992314,,14.768835400100201,,,,,,,,,,,scroll_30,9db49c230c7cab6abe497d14b9f51e39ad30cb42,,render,,904210,2,,,row-backend,587.8027599992492,0,
,,,,,,,14.979410000000026,,,,,2,,,,0,0,13.786935000207448,129548,,99.42073525687812,,11.797047750287668,,,,,,,,,,,filter_open_10000,9db49c230c7cab6abe497d14b9f51e39ad30cb42,,render,,28981,2,,,row-backend,15.066685999954643,0,
,,,,,,,44.692642000000006,,,,,4,,,,1,0,19.87787100017158,136548,,80.64349233504134,,17.32132590024775,,,,,,,,,,,filter_search_10000,9db49c230c7cab6abe497d14b9f51e39ad30cb42,,render,,52892,2,,,row-backend,55.4200229998969,0,
,,,,,,,57.90601399999984,,,,,5,,,,1,0,29.97480199985148,140104,,84.78309173740476,,25.12184839981272,,,,,,,,,,,filter_close_10000,9db49c230c7cab6abe497d14b9f51e39ad30cb42,,render,,54303,2,,,row-backend,68.29901200035238,0,
,,,,,6,,60.01767400000002,,,,56.28728099964064,6,,,,2,0,17.76045599955978,163400,,96.29062644851265,,17.614032899491576,,,,,,,,50000,,,render_50000_6_normal,9db49c230c7cab6abe497d14b9f51e39ad30cb42,,render,,77109,2,,,row-backend,62.32971600002202,0,
,,,,,40,,66.71422199999988,,,,61.66671099981613,6,,,,2,0,21.81037100046524,180808,,98.79366515498397,,21.19490120023329,,,,,,,,5000,,,render_5000_40_wide,9db49c230c7cab6abe497d14b9f51e39ad30cb42,,render,,76909,2,,,row-backend,67.52884599973186,0,
,,,,,3,,102.76810999999996,,,,99.60233900073945,6,,,,3,0,36.44864099998813,194120,,83.49427963473424,,34.220733299998756,,,,,,,,1000,,,render_1000_3_long,9db49c230c7cab6abe497d14b9f51e39ad30cb42,,render,,74955,2,,,row-backend,123.08401300015248,0,
,,,,,6,,73.07120300000003,,,,68.91258100040432,6,,,,2,0,24.135474000213435,199240,,68.78839682850312,,23.000500200141683,,,,,,,,10000,,,render_10000_6_decimal,9db49c230c7cab6abe497d14b9f51e39ad30cb42,,render,,75185,2,,,row-backend,106.2260589997095,0,
,,,,,6,,64.14497999999996,,,,27.00325200021325,8,,,,1,0,22.50196200031496,122320,,35.680355732631504,,7.9747814003621755,,,,,,,,1000,,,render_1000_6_normal,9db49c230c7cab6abe497d14b9f51e39ad30cb42,,render,,71643,2,,,baseline,179.77673900077207,0,
,,,,,6,,76.98792500000002,,,,59.68234600004507,8,,,,1,0,19.026658000366297,130152,,33.06263613616553,,12.123122750081162,,,,,,,,10000,,,render_10000_6_normal,9db49c230c7cab6abe497d14b9f51e39ad30cb42,,render,,71586,2,,,baseline,232.85476899945934,0,
30,,,,,,,358.497343,,,,,60,,,,0,0,14.1902630003824,132328,,67.58019651968424,,12.575377400044088,,,,,,,,,,,scroll_30,9db49c230c7cab6abe497d14b9f51e39ad30cb42,,render,,910953,2,,,baseline,530.4769169997599,0,
,,,,,,,14.791770999999954,,,,,2,,,,0,0,11.703039000276474,136936,,98.63885344216388,,10.013617950125985,,,,,,,,,,,filter_open_10000,9db49c230c7cab6abe497d14b9f51e39ad30cb42,,render,,28980,2,,,baseline,14.995886999713548,0,
,,,,,,,42.89288799999991,,,,,4,,,,1,0,17.89182799995615,138728,,72.3660408175905,,13.821210799978868,,,,,,,,,,,filter_search_10000,9db49c230c7cab6abe497d14b9f51e39ad30cb42,,render,,52778,2,,,baseline,59.27212200003851,0,
,,,,,,,55.647538999999966,,,,,5,,,,1,0,27.284861000334786,144368,,81.96725124333766,,21.48785895025866,,,,,,,,,,,filter_close_10000,9db49c230c7cab6abe497d14b9f51e39ad30cb42,,render,,54189,2,,,baseline,67.88996599971142,0,
,,,,,6,,266.61811700000015,,,,57.31265399936092,19,,,,1,0,17.518013999615505,178300,,23.803052332607052,,11.164943600369941,,,,,,,,50000,,,render_50000_6_normal,9db49c230c7cab6abe497d14b9f51e39ad30cb42,,render,,143773,2,,,baseline,1120.1005370003259,0,
,,,,,40,,150.92470000000003,,,,61.242136000146274,12,,,,3,0,20.12360200034891,204164,,30.43210640322399,,12.48775839978404,,,,,,,,5000,,,render_5000_40_wide,9db49c230c7cab6abe497d14b9f51e39ad30cb42,,render,,106621,2,,,baseline,495.93905200072186,0,
,,,,,3,,109.26839999999993,,,,105.87637200023892,6,,,,3,0,42.54123300062929,248056,,85.36532593716066,,38.25630690036632,,,,,,,,1000,,,render_1000_3_long,9db49c230c7cab6abe497d14b9f51e39ad30cb42,,render,,74784,2,,,baseline,128.00091700046323,0,
,,,,,6,,125.22443300000008,,,,98.60055899935105,5,,,,3,0,46.71663099918078,253688,,86.03188862887703,,38.13322794973826,,,,,,,,10000,,,render_10000_6_decimal,9db49c230c7cab6abe497d14b9f51e39ad30cb42,,render,,79404,2,,,baseline,145.55583400033356,0,
,,,,,6,,36.01283599999999,,,,21.866438000870403,5,,,,1,0,20.59595100046863,122204,,63.7796416713394,,16.37274040060219,,,,,,,,1000,,,render_1000_6_normal,9db49c230c7cab6abe497d14b9f51e39ad30cb42,,render,,54750,2,,,timer500,56.46446900027513,0,
,,,,,6,,107.95890800000002,,,,47.34169099992869,9,,,,0,0,13.393671000012544,132644,,77.59300108671223,,12.580422199898747,,,,,,,,10000,,,render_10000_6_normal,9db49c230c7cab6abe497d14b9f51e39ad30cb42,,render,,83599,2,,,timer500,139.13485299963213,0,
30,,,,,,,330.64784699999996,,,,,60,,,,0,0,10.575596999951811,134564,,64.27638231234656,,9.4081319003817,,,,,,,,,,,scroll_30,9db49c230c7cab6abe497d14b9f51e39ad30cb42,,render,,910953,2,,,timer500,514.4157699996867,0,
,,,,,,,20.03887800000004,,,,,2,,,,0,0,15.741022999573032,139172,,99.34616745312772,,13.497929149680196,,,,,,,,,,,filter_open_10000,9db49c230c7cab6abe497d14b9f51e39ad30cb42,,render,,28980,2,,,timer500,20.170761000372295,0,
,,,,,,,67.37396600000001,,,,,3,,,,2,0,25.462647000604193,140964,,79.30151775530945,,24.826310950284096,,,,,,,,,,,filter_search_10000,9db49c230c7cab6abe497d14b9f51e39ad30cb42,,render,,49857,2,,,timer500,84.95923899954505,0,
,,,,,,,78.84756300000006,,,,,4,,,,2,0,35.13438899983157,143464,,76.82802541506027,,32.048903000140854,,,,,,,,,,,filter_close_10000,9db49c230c7cab6abe497d14b9f51e39ad30cb42,,render,,50570,2,,,timer500,102.62864699961938,0,
,,,,,6,,486.78744399999994,,,,71.86092699976143,34,,,,2,0,27.829594999384426,185752,,81.86956028293234,,11.980016599700317,,,,,,,,50000,,,render_50000_6_normal,9db49c230c7cab6abe497d14b9f51e39ad30cb42,,render,,262586,2,,,timer500,594.5890539996981,0,
,,,,,40,,167.573333,,,,95.6466180005009,8,,,,2,0,34.71851400001469,218340,,91.11508613503203,,33.61514924983567,,,,,,,,5000,,,render_5000_40_wide,9db49c230c7cab6abe497d14b9f51e39ad30cb42,,render,,95070,2,,,timer500,183.91392699959397,0,
,,,,,3,,129.98039400000016,,,,126.18422500054294,6,,,,3,1,65.33569599934708,260980,,81.2531442287071,,44.26549519973375,,,,,,,,1000,,,render_1000_3_long,9db49c230c7cab6abe497d14b9f51e39ad30cb42,,render,,77042,2,,,timer500,159.96967899991432,0,
,,,,,6,,109.81384800000038,,,,71.5878339997289,6,,,,2,0,27.828885000526498,260980,,78.64811457423245,,22.327559999775985,,,,,,,,10000,,,render_10000_6_decimal,9db49c230c7cab6abe497d14b9f51e39ad30cb42,,render,,85418,2,,,timer500,139.62680300028296,0,
,,,,,6,,65.13492500000001,,,,20.613496999430936,8,,,,1,0,18.258133999661368,122044,,38.76390532848202,,12.072909999569667,,,,,,,,1000,,,render_1000_6_normal,0640c96464dcb50434f97b14d097418b51b110ba,,render,,71643,2,,,candidate,168.02983199977461,0,
,,,,,6,,95.76393700000003,,,,41.9458050000685,11,,,,0,0,13.982544999744276,130080,,29.147268469642796,,9.615159100321751,,,,,,,,10000,,,render_10000_6_normal,0640c96464dcb50434f97b14d097418b51b110ba,,render,,85318,2,,,candidate,328.5520119998182,0,
30,,,,,,,387.81223199999994,,,,,60,,,,0,0,16.327821999875596,132256,,72.23728872302945,,13.056205600441896,,,,,,,,,,,scroll_30,0640c96464dcb50434f97b14d097418b51b110ba,,render,,910953,2,,,candidate,536.8587869998009,0,
,,,,,,,14.927015000000043,,,,,2,,,,0,0,13.65390000057232,136864,,99.73423828791265,,11.685677700525043,,,,,,,,,,,filter_open_10000,0640c96464dcb50434f97b14d097418b51b110ba,,render,,28980,2,,,candidate,14.966791000006197,0,
,,,,,,,58.50749799999999,,,,,3,,,,2,0,19.56417000030342,138656,,83.7839108080037,,18.620893750057803,,,,,,,,,,,filter_search_10000,0640c96464dcb50434f97b14d097418b51b110ba,,render,,49857,2,,,candidate,69.83142399985809,0,
,,,,,,,78.01002400000013,,,,,5,,,,1,0,48.52281100022083,143176,,86.30495361949055,,35.543990250125695,,,,,,,,,,,filter_close_10000,0640c96464dcb50434f97b14d097418b51b110ba,,render,,54189,2,,,candidate,90.38881400010723,0,
,,,,,6,,338.3706420000001,,,,60.71966599938605,23,,,,2,0,19.861790000613837,178160,,24.232891798309172,,9.915275549856206,,,,,,,,50000,,,render_50000_6_normal,0640c96464dcb50434f97b14d097418b51b110ba,,render,,163881,2,,,candidate,1396.3279529998545,0,
,,,,,40,,152.3913400000001,,,,61.45940300029906,11,,,,2,0,21.586150999719393,204120,,31.599458760950405,,11.261258249869568,,,,,,,,5000,,,render_5000_40_wide,0640c96464dcb50434f97b14d097418b51b110ba,,render,,103053,2,,,candidate,482.2593359995153,0,
,,,,,3,,155.59704499999992,,,,92.96409499984293,9,,,,3,0,36.21500200017181,248236,,43.46211996212637,,17.117200599677727,,,,,,,,1000,,,render_1000_3_long,0640c96464dcb50434f97b14d097418b51b110ba,,render,,90267,2,,,candidate,358.00611000013305,0,
,,,,,6,,110.819738,,,,76.30404599967733,8,,,,2,0,29.666313000343507,254124,,58.12789324894232,,23.26103459974544,,,,,,,,10000,,,render_10000_6_decimal,0640c96464dcb50434f97b14d097418b51b110ba,,render,,81945,2,,,candidate,190.6481240002904,0,
,,,,,6,,20.670587999999988,,,,8.825412999613036,4,,,,0,0,8.343286999770497,123064,,54.54260767373549,,8.118767299965837,,,,,,,,1000,,,render_1000_6_normal,9db49c230c7cab6abe497d14b9f51e39ad30cb42,,render,,46785,3,,,bulk,37.89805599990359,0,
,,,,,6,,57.45101199999997,,,,59.30841000008513,6,,,,1,0,21.735671000096772,134588,,73.72108899475535,,18.314669399951523,,,,,,,,10000,,,render_10000_6_normal,9db49c230c7cab6abe497d14b9f51e39ad30cb42,,render,,58785,3,,,bulk,77.93022699934227,0,
30,,,,,,,362.12113700000003,,,,,60,,,,0,0,13.938854999760222,135868,,69.85547949408225,,11.678435449875904,,,,,,,,,,,scroll_30,9db49c230c7cab6abe497d14b9f51e39ad30cb42,,render,,911474,3,,,bulk,518.3861589994194,0,
,,,,,,,13.805616000000075,,,,,2,,,,0,0,12.622400000618653,140604,,99.56028840317019,,10.80787985053575,,,,,,,,,,,filter_open_10000,9db49c230c7cab6abe497d14b9f51e39ad30cb42,,render,,28981,3,,,bulk,13.86658899991744,0,
,,,,,,,45.36289900000001,,,,,5,,,,1,0,18.13183000023855,142396,,75.16595768406067,,15.900707050350317,,,,,,,,,,,filter_search_10000,9db49c230c7cab6abe497d14b9f51e39ad30cb42,,render,,55813,3,,,bulk,60.350323999955435,0,
,,,,,,,54.654819999999994,,,,,5,,,,1,0,28.287064999967697,146236,,85.39908363077414,,23.510967500096726,,,,,,,,,,,filter_close_10000,9db49c230c7cab6abe497d14b9f51e39ad30cb42,,render,,54303,3,,,bulk,63.99930499992479,0,
,,,,,6,,136.760789,,,,137.83452700045018,6,,,,2,1,94.69983199971466,192136,,93.7894031863404,,72.11433049989859,,,,,,,,50000,,,render_50000_6_normal,9db49c230c7cab6abe497d14b9f51e39ad30cb42,,render,,77109,3,,,bulk,145.81688799989934,0,
,,,,,40,,105.64026199999988,,,,109.32956099986768,6,,,,2,1,65.2517319996332,204688,,91.44166560269802,,48.547136399856726,,,,,,,,5000,,,render_5000_40_wide,9db49c230c7cab6abe497d14b9f51e39ad30cb42,,render,,76909,3,,,bulk,115.5274910006483,0,
,,,,,3,,95.53788699999987,,,,94.20710499944107,6,,,,3,0,44.876420999680704,226828,,76.21692963550242,,32.01862384991726,,,,,,,,1000,,,render_1000_3_long,9db49c230c7cab6abe497d14b9f51e39ad30cb42,,render,,74955,3,,,bulk,125.34995499936485,0,
,,,,,6,,81.53418900000008,,,,86.4819720000014,6,,,,2,0,39.41111699998146,227084,,89.27426021893994,,32.283277050028104,,,,,,,,10000,,,render_10000_6_decimal,9db49c230c7cab6abe497d14b9f51e39ad30cb42,,render,,75185,3,,,bulk,91.3300080001136,0,
,,,,,6,,35.309600999999965,,,,21.278930000335095,5,,,,1,0,16.875663999708195,125784,,64.65287677767459,,14.011527900011055,,,,,,,,1000,,,render_1000_6_normal,9db49c230c7cab6abe497d14b9f51e39ad30cb42,,render,,51482,3,,,preview-thread,54.61412200020277,0,
,,,,,6,,65.45180299999997,,,,74.89326699942467,7,,,,1,0,31.13103699990461,137544,,70.43739264356562,,21.82443699995929,,,,,,,,10000,,,render_10000_6_normal,9db49c230c7cab6abe497d14b9f51e39ad30cb42,,render,,61554,3,,,preview-thread,92.92195600028208,0,
30,,,,,,,349.6388620000001,,,,,60,,,,0,0,13.230389000564172,139208,,67.60936584357437,,11.68989779991534,,,,,,,,,,,scroll_30,9db49c230c7cab6abe497d14b9f51e39ad30cb42,,render,,909707,3,,,preview-thread,517.1456019998004,0,
,,,,,,,13.826674999999899,,,,,2,,,,0,0,9.531013000123492,143816,,99.90237848341964,,8.173426600133093,,,,,,,,,,,filter_open_10000,9db49c230c7cab6abe497d14b9f51e39ad30cb42,,render,,28924,3,,,preview-thread,13.840185999470123,0,
,,,,,,,43.281835000000044,,,,,4,,,,1,0,17.657616999822494,145608,,71.39481609196243,,14.224477399802705,,,,,,,,,,,filter_search_10000,9db49c230c7cab6abe497d14b9f51e39ad30cb42,,render,,52778,3,,,preview-thread,60.623217999818735,0,
,,,,,,,78.00415900000002,,,,,4,,,,1,0,47.63309600013599,149112,,94.7591680802779,,38.64562075011236,,,,,,,,,,,filter_close_10000,9db49c230c7cab6abe497d14b9f51e39ad30cb42,,render,,50570,3,,,preview-thread,82.31832399997074,0,
,,,,,6,,184.820475,,,,134.36070299940184,7,,,,3,1,88.5163329995703,200104,,87.53749231530881,,43.35144190046769,,,,,,,,50000,,,render_50000_6_normal,9db49c230c7cab6abe497d14b9f51e39ad30cb42,,render,,97519,3,,,preview-thread,211.13293300004443,0,
,,,,,40,,214.58413499999995,,,,171.87055699923803,5,,,,2,1,111.28517999997712,207660,,96.65260351410872,,79.55985079999661,,,,,,,,5000,,,render_5000_40_wide,9db49c230c7cab6abe497d14b9f51e39ad30cb42,,render,,87393,3,,,preview-thread,222.015886999543,0,
,,,,,3,,143.88756800000002,,,,93.96042199932708,5,,,,4,0,32.207049999778974,237724,,98.93142695824903,,27.401121099701403,,,,,,,,1000,,,render_1000_3_long,9db49c230c7cab6abe497d14b9f51e39ad30cb42,,render,,84695,3,,,preview-thread,145.4417190007007,0,
,,,,,6,,127.55776500000016,,,,85.0928820000263,7,,,,2,0,42.39492299995618,237980,,96.52566446058931,,30.98294595008153,,,,,,,,10000,,,render_10000_6_decimal,9db49c230c7cab6abe497d14b9f51e39ad30cb42,,render,,102828,3,,,preview-thread,132.1490669997729,0,
,,,,,6,,27.98607999999997,,,,10.587626999949862,5,,,,0,0,15.53912500014121,116520,,48.759112361888285,,12.267569799878398,,,,,,,,1000,,,render_1000_6_normal,9db49c230c7cab6abe497d14b9f51e39ad30cb42,,render,,53212,3,,,row-backend,57.396615000470774,0,
,,,,,6,,25.51826099999999,,,,46.4882710002712,5,,,,0,0,8.595313999758217,122152,,39.06918040282536,,8.464379899824051,,,,,,,,10000,,,render_10000_6_normal,9db49c230c7cab6abe497d14b9f51e39ad30cb42,,render,,55138,3,,,row-backend,65.31557800008159,0,
30,,,,,,,334.63411399999995,,,,,61,,,,0,0,10.839529000004402,125096,,66.05266831270676,,9.845592100482458,,,,,,,,,,,scroll_30,9db49c230c7cab6abe497d14b9f51e39ad30cb42,,render,,919882,3,,,row-backend,506.61710200074594,0,
,,,,,,,14.045868000000073,,,,,3,,,,0,0,9.772389999961886,129704,,99.60231738696915,,8.38876434997473,,,,,,,,,,,filter_open_10000,9db49c230c7cab6abe497d14b9f51e39ad30cb42,,render,,32808,3,,,row-backend,14.101948999268643,0,
,,,,,,,71.53743899999998,,,,,3,,,,2,0,31.30879499996809,136532,,83.13102761493583,,27.34667950005132,,,,,,,,,,,filter_search_10000,9db49c230c7cab6abe497d14b9f51e39ad30cb42,,render,,49971,3,,,row-backend,86.0538369997812,0,
,,,,,,,76.41949600000008,,,,,5,,,,1,0,43.98957800014614,140080,,82.43499523006179,,33.61374400021303,,,,,,,,,,,filter_close_10000,9db49c230c7cab6abe497d14b9f51e39ad30cb42,,render,,54303,3,,,row-backend,92.70273600031942,0,
,,,,,6,,63.550942,,,,61.103131999516336,6,,,,2,0,21.66302400029963,163248,,94.65785357223135,,20.630054400335208,,,,,,,,50000,,,render_50000_6_normal,9db49c230c7cab6abe497d14b9f51e39ad30cb42,,render,,77109,3,,,row-backend,67.13752700034092,0,
,,,,,40,,69.27349599999988,,,,64.69189499966888,6,,,,2,0,21.683741999477206,180656,,71.16281098943726,,20.700430549522935,,,,,,,,5000,,,render_5000_40_wide,9db49c230c7cab6abe497d14b9f51e39ad30cb42,,render,,76909,3,,,row-backend,97.34508100063977,0,
,,,,,3,,72.21561799999998,,,,76.46156699956919,6,,,,3,0,23.237018000254466,193840,,66.56592436751875,,21.07676540046668,,,,,,,,1000,,,render_1000_3_long,9db49c230c7cab6abe497d14b9f51e39ad30cb42,,render,,74955,3,,,row-backend,108.48736600019038,0,
,,,,,6,,89.66896700000015,,,,84.61069499935547,6,,,,2,0,34.55844600022829,199472,,83.389954434647,,30.95084144990323,,,,,,,,10000,,,render_10000_6_decimal,9db49c230c7cab6abe497d14b9f51e39ad30cb42,,render,,75185,3,,,row-backend,107.52969900022435,0,
,,,,,6,,72.46002499999999,,,,27.789409000433807,8,,,,1,0,24.20800300034898,122072,,36.7447453865942,,7.424852750154968,,,,,,,,1000,,,render_1000_6_normal,9db49c230c7cab6abe497d14b9f51e39ad30cb42,,render,,71643,3,,,baseline,197.19833199997083,0,
,,,,,6,,68.75446300000004,,,,59.691125999961514,9,,,,0,0,16.28477099995507,129944,,42.458261976703085,,10.254259799803547,,,,,,,,10000,,,render_10000_6_normal,9db49c230c7cab6abe497d14b9f51e39ad30cb42,,render,,75266,3,,,baseline,161.934237999958,0,
30,,,,,,,349.53107000000006,,,,,60,,,,0,0,12.97093700042751,132120,,69.29413062895587,,11.472563800016353,,,,,,,,,,,scroll_30,9db49c230c7cab6abe497d14b9f51e39ad30cb42,,render,,910953,3,,,baseline,504.41655999929935,0,
,,,,,,,15.658791999999977,,,,,2,,,,0,0,6.752833000173268,136728,,88.40323702449592,,6.622066400195763,,,,,,,,,,,filter_open_10000,9db49c230c7cab6abe497d14b9f51e39ad30cb42,,render,,28980,3,,,baseline,17.712917000608286,0,
,,,,,,,62.61636700000006,,,,,5,,,,2,0,27.399247999819636,138560,,81.27999272044289,,23.998278400058545,,,,,,,,,,,filter_search_10000,9db49c230c7cab6abe497d14b9f51e39ad30cb42,,render,,55699,3,,,baseline,77.03786000001855,0,
,,,,,,,78.25040900000002,,,,,5,,,,1,0,45.54954099978204,144224,,96.74624363204344,,37.330921499797114,,,,,,,,,,,filter_close_10000,9db49c230c7cab6abe497d14b9f51e39ad30cb42,,render,,54189,3,,,baseline,80.88211599988426,0,
,,,,,6,,305.78843899999987,,,,72.54750199990667,19,,,,4,0,22.145400999870617,178524,,23.447392956948566,,7.265161399955104,,,,,,,,50000,,,render_50000_6_normal,9db49c230c7cab6abe497d14b9f51e39ad30cb42,,render,,146513,3,,,baseline,1304.146860000401,0,
,,,,,40,,148.26424800000004,,,,61.87385499924858,11,,,,2,0,20.439129999540455,204128,,28.597872317161652,,9.314573249976087,,,,,,,,5000,,,render_5000_40_wide,9db49c230c7cab6abe497d14b9f51e39ad30cb42,,render,,103053,3,,,baseline,518.4450309998283,0,
,,,,,3,,132.87090899999998,,,,101.8542570000136,6,,,,4,0,40.88298499947996,248024,,70.81962519449986,,33.3167549997779,,,,,,,,1000,,,render_1000_3_long,9db49c230c7cab6abe497d14b9f51e39ad30cb42,,render,,77108,3,,,baseline,187.61876899952767,0,
,,,,,6,,134.51104999999995,,,,106.43646500011528,7,,,,2,1,53.77571800010628,253912,,39.749870154191335,,14.719185800568077,,,,,,,,10000,,,render_10000_6_decimal,9db49c230c7cab6abe497d14b9f51e39ad30cb42,,render,,86272,3,,,baseline,338.3936840000388,0,
,,,,,6,,46.014463000000006,,,,27.82006800043746,6,,,,1,0,21.97344699936366,121976,,78.71599246380109,,18.644381499525473,,,,,,,,1000,,,render_1000_6_normal,9db49c230c7cab6abe497d14b9f51e39ad30cb42,,render,,58401,3,,,timer500,58.456308000131685,0,
,,,,,6,,88.42115100000004,,,,45.16643100032525,8,,,,0,0,12.899714000122911,132208,,72.98840161575252,,9.14315320016612,,,,,,,,10000,,,render_10000_6_normal,9db49c230c7cab6abe497d14b9f51e39ad30cb42,,render,,77170,3,,,timer500,121.14411199945607,0,
30,,,,,,,347.83586600000007,,,,,60,,,,0,0,14.05785500002821,134256,,66.67640972201299,,10.894065649672482,,,,,,,,,,,scroll_30,9db49c230c7cab6abe497d14b9f51e39ad30cb42,,render,,910953,3,,,timer500,521.6775580001922,0,
,,,,,,,14.12591299999999,,,,,2,,,,0,0,10.87127600032545,138864,,99.86727171675668,,9.311362100215769,,,,,,,,,,,filter_open_10000,9db49c230c7cab6abe497d14b9f51e39ad30cb42,,render,,28980,3,,,timer500,14.144687000225531,0,
,,,,,,,47.41751099999991,,,,,5,,,,1,0,18.47148999979254,140528,,77.39579069547625,,16.425084099837473,,,,,,,,,,,filter_search_10000,9db49c230c7cab6abe497d14b9f51e39ad30cb42,,render,,55699,3,,,timer500,61.26626599962037,0,
,,,,,,,82.18784700000015,,,,,3,,,,1,0,43.9962640003796,144072,,96.96597445692531,,36.69752475036148,,,,,,,,,,,filter_close_10000,9db49c230c7cab6abe497d14b9f51e39ad30cb42,,render,,46923,3,,,timer500,84.759471000325,0,
,,,,,6,,417.79750699999994,,,,61.07230699944921,30,,,,2,0,20.68846800022584,185112,,79.62567593926283,,10.39660960079345,,,,,,,,50000,,,render_50000_6_normal,9db49c230c7cab6abe497d14b9f51e39ad30cb42,,render,,236866,3,,,timer500,524.7019909993469,0,
,,,,,40,,137.68841999999992,,,,70.17108099989855,7,,,,2,0,24.07474700077728,217484,,92.08269777859547,,21.552122000111922,,,,,,,,5000,,,render_5000_40_wide,9db49c230c7cab6abe497d14b9f51e39ad30cb42,,render,,88696,3,,,timer500,149.52691800044704,0,
,,,,,3,,78.89178100000005,,,,76.78620800015779,6,,,,3,0,23.144181000243407,260388,,71.94998526414372,,20.745131400071834,,,,,,,,1000,,,render_1000_3_long,9db49c230c7cab6abe497d14b9f51e39ad30cb42,,render,,74784,3,,,timer500,109.64808500011713,0,
,,,,,6,,102.36697799999983,,,,65.63645499954873,6,,,,2,0,26.049313000039547,263332,,78.22414531580883,,19.09884324970335,,,,,,,,10000,,,render_10000_6_decimal,9db49c230c7cab6abe497d14b9f51e39ad30cb42,,render,,85418,3,,,timer500,130.86365800063504,0,
,,,,,6,,58.72666600000004,,,,20.528194000689837,8,,,,1,0,19.302532000547217,121956,,30.098818549966847,,6.560191000535267,,,,,,,,1000,,,render_1000_6_normal,0640c96464dcb50434f97b14d097418b51b110ba,,render,,71643,3,,,candidate,195.11286099987046,0,
,,,,,6,,137.85333099999997,,,,67.75085699973715,12,,,,2,0,22.864257999681286,130040,,27.54739581287224,,12.37913169981763,,,,,,,,10000,,,render_10000_6_normal,0640c96464dcb50434f97b14d097418b51b110ba,,render,,91747,3,,,candidate,500.4223699997965,0,
30,,,,,,,362.835188,,,,,60,,,,0,0,13.526966000536047,131960,,68.26940586225324,,11.901473799953235,,,,,,,,,,,scroll_30,0640c96464dcb50434f97b14d097418b51b110ba,,render,,910953,3,,,candidate,531.4755320005133,0,
,,,,,,,22.13992599999992,,,,,2,,,,1,0,21.01896099986334,136568,,98.72968275252425,,17.979754449897875,,,,,,,,,,,filter_open_10000,0640c96464dcb50434f97b14d097418b51b110ba,,render,,28980,3,,,candidate,22.424792000492744,0,
,,,,,,,74.93763499999994,,,,,3,,,,2,0,27.12238600008277,138488,,93.51943056089605,,26.498898500103678,,,,,,,,,,,filter_search_10000,0640c96464dcb50434f97b14d097418b51b110ba,,render,,49857,3,,,candidate,80.13055099945632,0,
,,,,,,,57.37259299999997,,,,,5,,,,1,0,28.677130999421934,144208,,81.89834817337506,,22.577192399894546,,,,,,,,,,,filter_close_10000,0640c96464dcb50434f97b14d097418b51b110ba,,render,,54189,3,,,candidate,70.05341900003259,0,
,,,,,6,,295.92884900000007,,,,58.11547400026029,21,,,,2,0,19.608109999462613,178384,,23.730129746988734,,8.334811599634117,,,,,,,,50000,,,render_50000_6_normal,0640c96464dcb50434f97b14d097418b51b110ba,,render,,153827,3,,,candidate,1247.0595490003689,0,
,,,,,40,,178.6999869999999,,,,91.52869800072949,11,,,,2,0,39.369949000611086,204372,,37.24308767456275,,10.28373850032949,,,,,,,,5000,,,render_5000_40_wide,0640c96464dcb50434f97b14d097418b51b110ba,,render,,103053,3,,,candidate,479.8205470005996,0,
,,,,,3,,116.40613999999982,,,,82.92072200038092,7,,,,2,0,29.049318000143103,248312,,63.43029461129953,,28.49625600003492,,,,,,,,1000,,,render_1000_3_long,0640c96464dcb50434f97b14d097418b51b110ba,,render,,80745,3,,,candidate,183.51820800035057,0,
,,,,,6,,100.85527099999992,,,,69.87176300026476,7,,,,2,0,29.4719630002146,254712,,54.11624415940334,,16.469862800040552,,,,,,,,10000,,,render_10000_6_decimal,0640c96464dcb50434f97b14d097418b51b110ba,,render,,81112,3,,,candidate,186.36783200054197,0,
,,,,,6,,21.30125500000002,,,,9.337854000477819,4,,,,0,0,10.47456400021474,123092,,52.525290609367985,,9.653582800383443,,,,,,,,1000,,,render_1000_6_normal,9db49c230c7cab6abe497d14b9f51e39ad30cb42,,render,,46785,4,,,bulk,40.55428299943742,0,
,,,,,6,,59.25112499999996,,,,60.77889199968922,6,,,,2,0,22.427598999565816,134736,,74.79475855855961,,20.95112015001177,,,,,,,,10000,,,render_10000_6_normal,9db49c230c7cab6abe497d14b9f51e39ad30cb42,,render,,58785,4,,,bulk,79.21828500002448,0,
30,,,,,,,367.550933,,,,,60,,,,0,0,13.25562100020761,136016,,70.99678798833725,,12.726043549600943,,,,,,,,,,,scroll_30,9db49c230c7cab6abe497d14b9f51e39ad30cb42,,render,,911474,4,,,bulk,517.7007909996973,0,
,,,,,,,14.703683000000023,,,,,2,,,,0,0,11.647811000439104,140624,,98.19832508936587,,9.99172610033383,,,,,,,,,,,filter_open_10000,9db49c230c7cab6abe497d14b9f51e39ad30cb42,,render,,28981,4,,,bulk,14.97345600000699,0,
,,,,,,,58.21445199999997,,,,,3,,,,1,0,25.72508800050855,142288,,79.27510321247395,,22.358707850225976,,,,,,,,,,,filter_search_10000,9db49c230c7cab6abe497d14b9f51e39ad30cb42,,render,,49971,4,,,bulk,73.43346099969494,0,
,,,,,,,77.48775999999991,,,,,5,,,,1,0,47.918231999683485,146208,,89.71582198408224,,37.14105569963064,,,,,,,,,,,filter_close_10000,9db49c230c7cab6abe497d14b9f51e39ad30cb42,,render,,54303,4,,,bulk,86.37022800030536,0,
,,,,,6,,140.5030919999999,,,,137.2956579998572,6,,,,2,1,97.7619610003967,191196,,79.84966497350422,,50.57587780021993,,,,,,,,50000,,,render_50000_6_normal,9db49c230c7cab6abe497d14b9f51e39ad30cb42,,render,,77109,4,,,bulk,175.9595260000424,0,
,,,,,40,,136.85305300000005,,,,135.20509200043307,6,,,,2,1,90.57669400055602,204764,,82.17496616899379,,56.50551850032571,,,,,,,,5000,,,render_5000_40_wide,9db49c230c7cab6abe497d14b9f51e39ad30cb42,,render,,76909,4,,,bulk,166.5386180002315,0,
,,,,,3,,137.85383399999995,,,,143.78817099986918,6,,,,3,1,88.1424030004564,224384,,79.0457799206556,,50.67483990002979,,,,,,,,1000,,,render_1000_3_long,9db49c230c7cab6abe497d14b9f51e39ad30cb42,,render,,74955,4,,,bulk,174.39746200034278,0,
,,,,,6,,79.71668900000006,,,,75.6151810001029,6,,,,2,0,36.06600100021751,225280,,73.93060895751476,,26.026979700254728,,,,,,,,10000,,,render_10000_6_decimal,9db49c230c7cab6abe497d14b9f51e39ad30cb42,,render,,75185,4,,,bulk,107.82636599924444,0,
,,,,,6,,51.304925000000004,,,,33.69038299933891,6,,,,1,0,29.529065000242554,126108,,66.32357144027715,,24.20228865018543,,,,,,,,1000,,,render_1000_6_normal,9db49c230c7cab6abe497d14b9f51e39ad30cb42,,render,,57909,4,,,preview-thread,77.35549200060632,0,
,,,,,6,,85.65582800000004,,,,94.08041899951058,5,,,,2,0,47.6669969995055,137316,,71.71777288286226,,34.18620099966574,,,,,,,,10000,,,render_10000_6_normal,9db49c230c7cab6abe497d14b9f51e39ad30cb42,,render,,51482,4,,,preview-thread,119.43459000030998,0,
30,,,,,,,382.0748749999999,,,,,60,,,,1,0,17.539990000041144,138852,,65.90091693557076,,13.85555110011409,,,,,,,,,,,scroll_30,9db49c230c7cab6abe497d14b9f51e39ad30cb42,,render,,910822,4,,,preview-thread,579.7717129999,0,
,,,,,,,21.113756999999957,,,,,2,,,,1,0,18.877973999333335,143460,,98.82685176166092,,16.163990549393922,,,,,,,,,,,filter_open_10000,9db49c230c7cab6abe497d14b9f51e39ad30cb42,,render,,28924,4,,,preview-thread,21.364393000112614,0,
,,,,,,,72.01525600000002,,,,,3,,,,2,0,32.68990000025951,145124,,97.81238153867876,,28.89648375014076,,,,,,,,,,,filter_search_10000,9db49c230c7cab6abe497d14b9f51e39ad30cb42,,render,,49857,4,,,preview-thread,73.62590999946406,0,
,,,,,,,80.01420699999984,,,,,5,,,,1,0,48.519635000156995,148812,,82.6972446762466,,38.336058800105064,,,,,,,,,,,filter_close_10000,9db49c230c7cab6abe497d14b9f51e39ad30cb42,,render,,54189,4,,,preview-thread,96.75558999970235,0,
,,,,,6,,212.023925,,,,158.55564100002084,7,,,,3,1,101.46634200020344,198812,,88.50517916252971,,56.62633770004501,,,,,,,,50000,,,render_50000_6_normal,9db49c230c7cab6abe497d14b9f51e39ad30cb42,,render,,97519,4,,,preview-thread,239.56103699947562,0,
,,,,,40,,160.77929300000005,,,,161.0270989995115,6,,,,3,1,109.59944399939559,207384,,82.68762745027495,,60.47941699973301,,,,,,,,5000,,,render_5000_40_wide,9db49c230c7cab6abe497d14b9f51e39ad30cb42,,render,,85760,4,,,preview-thread,194.44177799960016,0,
,,,,,3,,96.09953100000013,,,,99.68609699990338,7,,,,1,1,51.58008099999279,229276,,80.14226714524197,,33.041154999973514,,,,,,,,1000,,,render_1000_3_long,9db49c230c7cab6abe497d14b9f51e39ad30cb42,,render,,73108,4,,,preview-thread,119.91117100023985,0,
,,,,,6,,76.16068200000004,,,,93.733992000125,6,,,,1,1,52.87853400033782,230172,,68.28595949169788,,27.77280830056949,,,,,,,,10000,,,render_10000_6_decimal,9db49c230c7cab6abe497d14b9f51e39ad30cb42,,render,,71886,4,,,preview-thread,111.53197899966472,0,
,,,,,6,,17.611684000000018,,,,6.3684589995318674,4,,,,0,0,7.813655000172729,115676,,43.0426288279444,,5.92393715011894,,,,,,,,1000,,,render_1000_6_normal,9db49c230c7cab6abe497d14b9f51e39ad30cb42,,render,,46785,4,,,row-backend,40.91684100058046,0,
,,,,,6,,35.86577699999999,,,,41.17065900027228,6,,,,0,0,13.501421000109984,122076,,62.29081858089999,,12.57352585018452,,,,,,,,10000,,,render_10000_6_normal,9db49c230c7cab6abe497d14b9f51e39ad30cb42,,render,,58785,4,,,row-backend,57.57795099998475,0,
30,,,,,,,386.9372360000001,,,,,60,,,,1,0,22.565338000385964,125020,,64.15964966261654,,12.453050999938565,,,,,,,,,,,scroll_30,9db49c230c7cab6abe497d14b9f51e39ad30cb42,,render,,911474,4,,,row-backend,603.0850200004352,0,
,,,,,,,15.777782999999989,,,,,2,,,,0,0,14.614261000242548,129628,,98.93073950057968,,12.504838150216521,,,,,,,,,,,filter_open_10000,9db49c230c7cab6abe497d14b9f51e39ad30cb42,,render,,28981,4,,,row-backend,15.948312000546139,0,
,,,,,,,45.915848000000146,,,,,4,,,,1,0,19.47377100088488,136420,,80.0673184301813,,15.442193800545276,,,,,,,,,,,filter_search_10000,9db49c230c7cab6abe497d14b9f51e39ad30cb42,,render,,52892,4,,,row-backend,57.34655400010524,0,
,,,,,,,56.6239770000001,,,,,5,,,,1,0,26.368128999929468,140184,,83.20874132948373,,20.712811499988664,,,,,,,,,,,filter_close_10000,9db49c230c7cab6abe497d14b9f51e39ad30cb42,,render,,54303,4,,,row-backend,68.05051500032278,0,
,,,,,6,,62.397064,,,,57.756584999879124,6,,,,2,0,19.278182000671222,163352,,69.74830519828825,,17.99862200015923,,,,,,,,50000,,,render_50000_6_normal,9db49c230c7cab6abe497d14b9f51e39ad30cb42,,render,,77109,4,,,row-backend,89.46033000029274,0,
,,,,,40,,62.465197999999944,,,,59.278279999489314,6,,,,2,0,18.77450800031511,180632,,93.57015467707981,,18.581849500260432,,,,,,,,5000,,,render_5000_40_wide,9db49c230c7cab6abe497d14b9f51e39ad30cb42,,render,,76909,4,,,row-backend,66.7576089999784,0,
,,,,,3,,102.09143100000007,,,,99.54363999986526,6,,,,3,0,42.69473600026686,194072,,82.46538180641808,,35.701619000128616,,,,,,,,1000,,,render_1000_3_long,9db49c230c7cab6abe497d14b9f51e39ad30cb42,,render,,74955,4,,,row-backend,123.7991369998781,0,
,,,,,6,,69.43352199999997,,,,68.54906500029756,6,,,,2,0,24.069436000099813,199192,,65.37611613839739,,20.278754800092422,,,,,,,,10000,,,render_10000_6_decimal,9db49c230c7cab6abe497d14b9f51e39ad30cb42,,render,,75185,4,,,row-backend,106.20625100000325,0,
,,,,,6,,82.314316,,,,40.38947000026383,8,,,,1,0,36.76715800076636,121992,,49.38402108433011,,14.466483199721543,,,,,,,,1000,,,render_1000_6_normal,9db49c230c7cab6abe497d14b9f51e39ad30cb42,,render,,71643,4,,,baseline,166.68208499959292,0,
,,,,,6,,93.21515899999999,,,,68.71807600055035,8,,,,1,0,21.68491999975231,130112,,40.10703247811358,,12.86154750006971,,,,,,,,10000,,,render_10000_6_normal,9db49c230c7cab6abe497d14b9f51e39ad30cb42,,render,,71586,4,,,baseline,232.4159959998724,0,
30,,,,,,,391.14627999999993,,,,,59,,,,1,0,19.75181000045268,132288,,67.31970354684661,,14.346156000392508,,,,,,,,,,,scroll_30,9db49c230c7cab6abe497d14b9f51e39ad30cb42,,render,,903685,4,,,baseline,581.0279299994363,0,
,,,,,,,23.59288100000012,,,,,2,,,,1,0,19.537272000088706,137024,,98.5428342896502,,16.714523400123646,,,,,,,,,,,filter_open_10000,9db49c230c7cab6abe497d14b9f51e39ad30cb42,,render,,28980,4,,,baseline,23.941752000609995,0,
,,,,,,,72.67676299999981,,,,,3,,,,2,0,34.37965200020699,138688,,78.66577828542262,,29.63284280005609,,,,,,,,,,,filter_search_10000,9db49c230c7cab6abe497d14b9f51e39ad30cb42,,render,,49857,4,,,baseline,92.38675899996451,0,
,,,,,,,67.49693400000001,,,,,3,,,,2,0,31.168679000184056,144416,,80.43516039909434,,28.19618300010915,,,,,,,,,,,filter_close_10000,9db49c230c7cab6abe497d14b9f51e39ad30cb42,,render,,46923,4,,,baseline,83.91471300001285,0,
,,,,,6,,348.82411199999996,,,,70.4207660000975,21,,,,2,0,25.0952719999259,178172,,24.248197671523886,,11.068148900467344,,,,,,,,50000,,,render_50000_6_normal,9db49c230c7cab6abe497d14b9f51e39ad30cb42,,render,,156567,4,,,baseline,1438.5568640000201,0,
,,,,,40,,133.15854299999995,,,,77.01014099984604,9,,,,2,0,35.606673000183946,204120,,32.58584312569833,,8.759860399704834,,,,,,,,5000,,,render_5000_40_wide,9db49c230c7cab6abe497d14b9f51e39ad30cb42,,render,,95888,4,,,baseline,408.6392440003692,0,
,,,,,3,,118.42526499999994,,,,88.65260699985811,7,,,,4,0,29.577039999931003,248052,,66.76103125415544,,27.289430800210532,,,,,,,,1000,,,render_1000_3_long,9db49c230c7cab6abe497d14b9f51e39ad30cb42,,render,,80745,4,,,baseline,177.38681199989514,0,
,,,,,6,,108.76359499999965,,,,81.71218300049077,7,,,,2,0,32.68035999928543,254196,,46.278394410519404,,17.39353979948644,,,,,,,,10000,,,render_10000_6_decimal,9db49c230c7cab6abe497d14b9f51e39ad30cb42,,render,,81049,4,,,baseline,235.02024299978075,0,
,,,,,6,,44.802220999999975,,,,27.55641400017339,6,,,,1,0,22.673605000018142,121764,,60.95093298540676,,17.3976578501606,,,,,,,,1000,,,render_1000_6_normal,9db49c230c7cab6abe497d14b9f51e39ad30cb42,,render,,58401,4,,,timer500,73.50539000071876,0,
,,,,,6,,94.74117399999999,,,,53.80054900069808,6,,,,0,0,16.614911000142456,131800,,76.3482351844812,,14.317227499868748,,,,,,,,10000,,,render_10000_6_normal,9db49c230c7cab6abe497d14b9f51e39ad30cb42,,render,,64312,4,,,timer500,124.09084999944753,0,
30,,,,,,,347.37724699999995,,,,,60,,,,0,0,13.306862999452276,133848,,66.4427808246839,,11.96988669955317,,,,,,,,,,,scroll_30,9db49c230c7cab6abe497d14b9f51e39ad30cb42,,render,,910953,4,,,timer500,522.8216559999055,0,
,,,,,,,25.25361299999995,,,,,2,,,,1,0,22.85609799957456,138456,,98.95406218304903,,19.573626699611843,,,,,,,,,,,filter_open_10000,9db49c230c7cab6abe497d14b9f51e39ad30cb42,,render,,28980,4,,,timer500,25.52054199986742,0,
,,,,,,,66.50086200000005,,,,,3,,,,2,0,22.234745999521692,140248,,93.6430262869158,,20.829187799627103,,,,,,,,,,,filter_search_10000,9db49c230c7cab6abe497d14b9f51e39ad30cb42,,render,,49857,4,,,timer500,71.015284999703,0,
,,,,,,,81.90159699999988,,,,,3,,,,1,0,44.13266499988822,143808,,99.60834979463671,,36.38528474982195,,,,,,,,,,,filter_close_10000,9db49c230c7cab6abe497d14b9f51e39ad30cb42,,render,,46923,4,,,timer500,82.22362600008637,0,
,,,,,6,,346.5621510000001,,,,62.422492999758106,27,,,,2,0,21.228510999317223,184392,,77.60010426330365,,9.671127799738308,,,,,,,,50000,,,render_50000_6_normal,9db49c230c7cab6abe497d14b9f51e39ad30cb42,,render,,214770,4,,,timer500,446.600109999963,0,
,,,,,40,,131.22753900000018,,,,71.30656499975885,7,,,,2,0,23.896716999952332,216720,,89.76865438947783,,23.12181839990444,,,,,,,,5000,,,render_5000_40_wide,9db49c230c7cab6abe497d14b9f51e39ad30cb42,,render,,88696,4,,,timer500,146.18414400047186,0,
,,,,,3,,89.77185400000009,,,,86.83794999979,6,,,,3,0,27.832787000188546,259420,,72.12274299805924,,25.915994600036353,,,,,,,,1000,,,render_1000_3_long,9db49c230c7cab6abe497d14b9f51e39ad30cb42,,render,,77042,4,,,timer500,124.47093700029654,0,
,,,,,6,,127.66503499999993,,,,103.42628199941828,6,,,,2,0,49.733470999963174,264372,,86.64123150775396,,36.11776010013271,,,,,,,,10000,,,render_10000_6_decimal,9db49c230c7cab6abe497d14b9f51e39ad30cb42,,render,,80216,4,,,timer500,147.3490539992781,0,
,,,,,6,,48.150556999999985,,,,18.619743000272138,8,,,,0,0,14.34302599966031,121992,,28.74275927369966,,8.409323600353666,,,,,,,,1000,,,render_1000_6_normal,0640c96464dcb50434f97b14d097418b51b110ba,,render,,71643,4,,,candidate,167.52238900062366,0,
,,,,,6,,54.33589099999997,,,,40.34605099968758,8,,,,0,0,11.076664000138406,129904,,30.897975874400082,,9.060316999803035,,,,,,,,10000,,,render_10000_6_normal,0640c96464dcb50434f97b14d097418b51b110ba,,render,,71643,4,,,candidate,175.8558269993955,0,
30,,,,,,,367.77973799999995,,,,,60,,,,1,0,26.228938999447564,132080,,66.8990156129785,,12.145926750345096,,,,,,,,,,,scroll_30,0640c96464dcb50434f97b14d097418b51b110ba,,render,,910953,4,,,candidate,549.753586999941,0,
,,,,,,,13.521630000000062,,,,,2,,,,0,0,12.288248000113525,136688,,99.18237947025943,,10.531968950199365,,,,,,,,,,,filter_open_10000,0640c96464dcb50434f97b14d097418b51b110ba,,render,,28980,4,,,candidate,13.633096999910777,0,
,,,,,,,42.78386700000003,,,,,4,,,,1,0,18.801808000825986,138480,,70.64933902910967,,15.215617600661059,,,,,,,,,,,filter_search_10000,0640c96464dcb50434f97b14d097418b51b110ba,,render,,52778,4,,,candidate,60.558057000889676,0,
,,,,,,,51.8141379999999,,,,,4,,,,1,0,27.020608000493667,144124,,79.52737101700365,,21.030220450320474,,,,,,,,,,,filter_close_10000,0640c96464dcb50434f97b14d097418b51b110ba,,render,,50570,4,,,candidate,65.15258499985066,0,
,,,,,6,,311.748229,,,,60.54282300010527,21,,,,2,0,20.926833000085026,178292,,25.15634021963218,,10.343253650553374,,,,,,,,50000,,,render_50000_6_normal,0640c96464dcb50434f97b14d097418b51b110ba,,render,,153827,4,,,candidate,1239.2431739999665,0,
,,,,,40,,199.69980700000002,,,,87.38768200055347,11,,,,3,0,36.057339999497344,204292,,40.60197200615481,,15.28838395012826,,,,,,,,5000,,,render_5000_40_wide,0640c96464dcb50434f97b14d097418b51b110ba,,render,,103053,4,,,candidate,491.84755599981145,0,
,,,,,3,,129.74582599999997,,,,97.95107399986591,7,,,,2,0,36.71770599987212,248244,,60.320461143377926,,31.710251949625622,,,,,,,,1000,,,render_1000_3_long,0640c96464dcb50434f97b14d097418b51b110ba,,render,,80745,4,,,candidate,215.09422100007214,0,
,,,,,6,,163.93443200000002,,,,97.70494799977314,9,,,,2,1,50.50053799925081,254516,,48.043150579862306,,12.660188199988621,,,,,,,,10000,,,render_10000_6_decimal,0640c96464dcb50434f97b14d097418b51b110ba,,render,,87980,4,,,candidate,341.2233170001855,0,
,,,,,,,18.335354999999996,,,,,1,,,,0,0,0,115140,,0.36650450781631044,,0,,,,,,,,,,,idle_5s,9db49c230c7cab6abe497d14b9f51e39ad30cb42,,idle,,18297,0,,,baseline,5002.763843000139,0,
,,,,,,,43.41936500000004,,,,,10,,,,0,0,0,115268,,0.8672802448673702,,0,,,,,,,,,,,editor_idle_5s,9db49c230c7cab6abe497d14b9f51e39ad30cb42,,idle,,20199,0,,,baseline,5006.382337999639,0,
,,,,,,,9.319234999999981,,,,,1,,,,0,0,0,114736,,0.1860142452272421,,0,,,,,,,,,,,idle_5s,0640c96464dcb50434f97b14d097418b51b110ba,,idle,,18297,0,,,candidate,5009.957699000552,0,
,,,,,,,28.71019300000005,,,,,10,,,,0,0,0,115248,,0.5735075799319462,,0,,,,,,,,,,,editor_idle_5s,0640c96464dcb50434f97b14d097418b51b110ba,,idle,,20199,0,,,candidate,5006.070364999687,0,
,,,,,,,21.130227,,,,,1,,,,0,0,0,114792,,0.42221864524707087,,0,,,,,,,,,,,idle_5s,9db49c230c7cab6abe497d14b9f51e39ad30cb42,,idle,,18297,1,,,baseline,5004.569844999423,0,
,,,,,,,40.626217999999994,,,,,10,,,,0,0,0,115048,,0.8115232525804641,,0,,,,,,,,,,,editor_idle_5s,9db49c230c7cab6abe497d14b9f51e39ad30cb42,,idle,,20199,1,,,baseline,5006.1680759999945,0,
,,,,,,,5.502252000000041,,,,,1,,,,0,0,0,114940,,0.10988885529963235,,0,,,,,,,,,,,idle_5s,0640c96464dcb50434f97b14d097418b51b110ba,,idle,,18297,1,,,candidate,5007.106484999895,0,
,,,,,,,20.87303800000001,,,,,10,,,,0,0,0,115324,,0.41717470964264974,,0,,,,,,,,,,,editor_idle_5s,0640c96464dcb50434f97b14d097418b51b110ba,,idle,,20199,1,,,candidate,5003.428424000049,0,
,,,,,,,20.597164,,,,,1,,,,0,0,0,115128,,0.4115848968961297,,0,,,,,,,,,,,idle_5s,9db49c230c7cab6abe497d14b9f51e39ad30cb42,,idle,,18297,2,,,baseline,5004.35369600018,0,
,,,,,,,37.158716000000034,,,,,10,,,,0,0,0,115256,,0.7425254526982759,,0,,,,,,,,,,,editor_idle_5s,9db49c230c7cab6abe497d14b9f51e39ad30cb42,,idle,,20199,2,,,baseline,5004.369326999949,0,
,,,,,,,5.789838000000048,,,,,1,,,,0,0,0,115036,,0.11561712544095844,,0,,,,,,,,,,,idle_5s,0640c96464dcb50434f97b14d097418b51b110ba,,idle,,18297,2,,,candidate,5007.76851000046,0,
,,,,,,,29.352531999999986,,,,,10,,,,0,0,0,115292,,0.5863718058041257,,0,,,,,,,,,,,editor_idle_5s,0640c96464dcb50434f97b14d097418b51b110ba,,idle,,20199,2,,,candidate,5005.788428000415,0,
,,,,,,,21.690146999999993,,,,,1,,,,0,0,0,115108,,0.4334819956524016,,0,,,,,,,,,,,idle_5s,9db49c230c7cab6abe497d14b9f51e39ad30cb42,,idle,,18297,3,,,baseline,5003.701933999764,0,
,,,,,,,39.87964199999999,,,,,10,,,,0,0,0,115364,,0.7967359592399655,,0,,,,,,,,,,,editor_idle_5s,9db49c230c7cab6abe497d14b9f51e39ad30cb42,,idle,,20199,3,,,baseline,5005.3774449997945,0,
,,,,,,,5.245129000000015,,,,,1,,,,0,0,0,115024,,0.10474859125382416,,0,,,,,,,,,,,idle_5s,0640c96464dcb50434f97b14d097418b51b110ba,,idle,,18297,3,,,candidate,5007.350396999755,0,
,,,,,,,19.02019699999996,,,,,10,,,,0,0,0,115408,,0.3800355340853238,,0,,,,,,,,,,,editor_idle_5s,0640c96464dcb50434f97b14d097418b51b110ba,,idle,,20199,3,,,candidate,5004.846992999774,0,
,,,,,,,20.334995999999993,,,,,1,,,,0,0,0,115080,,0.4063789090271279,,0,,,,,,,,,,,idle_5s,9db49c230c7cab6abe497d14b9f51e39ad30cb42,,idle,,18297,4,,,baseline,5003.949650999857,0,
,,,,,,,38.823887,,,,,10,,,,0,0,0,115336,,0.7760328687590576,,0,,,,,,,,,,,editor_idle_5s,9db49c230c7cab6abe497d14b9f51e39ad30cb42,,idle,,20199,4,,,baseline,5002.866317000553,0,
,,,,,,,5.856842000000029,,,,,1,,,,0,0,0,109012,,0.11696485917538164,,0,,,,,,,,,,,idle_5s,0640c96464dcb50434f97b14d097418b51b110ba,,idle,,18297,4,,,candidate,5007.351815999755,0,
,,,,,,,27.481756999999995,,,,,10,,,,0,0,0,109268,,0.5488413484525998,,0,,,,,,,,,,,editor_idle_5s,0640c96464dcb50434f97b14d097418b51b110ba,,idle,,20199,4,,,candidate,5007.231520999994,0,
,,,,,,,21.07285000000003,,,,,1,,,,0,0,0,114996,,0.4211462280281254,,0,,,,,,,,,,,idle_5s,9db49c230c7cab6abe497d14b9f51e39ad30cb42,,idle,,18297,5,,,baseline,5003.68959699972,0,
,,,,,,,40.649305999999996,,,,,10,,,,0,0,0,115252,,0.8124107252294229,,0,,,,,,,,,,,editor_idle_5s,9db49c230c7cab6abe497d14b9f51e39ad30cb42,,idle,,20199,5,,,baseline,5003.5412799998085,0,
,,,,,,,6.401394999999976,,,,,1,,,,0,0,0,114908,,0.12781969169216198,,0,,,,,,,,,,,idle_5s,0640c96464dcb50434f97b14d097418b51b110ba,,idle,,18297,5,,,candidate,5008.144610000272,0,
,,,,,,,23.730517000000006,,,,,10,,,,0,0,0,115292,,0.47380461970340915,,0,,,,,,,,,,,editor_idle_5s,0640c96464dcb50434f97b14d097418b51b110ba,,idle,,20199,5,,,candidate,5008.502663999934,0,
,,,,,,,21.875052000000007,,,,,1,,,,0,0,0,115064,,0.4362710805747208,,0,,,,,,,,,,,idle_5s,9db49c230c7cab6abe497d14b9f51e39ad30cb42,,idle,,18297,6,,,baseline,5014.096275000156,0,
,,,,,,,36.81090100000001,,,,,10,,,,0,0,0,115320,,0.735743914567496,,0,,,,,,,,,,,editor_idle_5s,9db49c230c7cab6abe497d14b9f51e39ad30cb42,,idle,,20199,6,,,baseline,5003.22194599994,0,
,,,,,,,5.9093639999999725,,,,,1,,,,0,0,0,115128,,0.1178200577840968,,0,,,,,,,,,,,idle_5s,0640c96464dcb50434f97b14d097418b51b110ba,,idle,,18297,6,,,candidate,5015.584028000376,0,
,,,,,,,25.770022000000004,,,,,10,,,,0,0,0,115384,,0.5149466256749846,,0,,,,,,,,,,,editor_idle_5s,0640c96464dcb50434f97b14d097418b51b110ba,,idle,,20199,6,,,candidate,5004.406420999658,0,
,,,,,,,19.236387000000022,,,,,1,,,,0,0,0,109000,,0.3844558959264083,,0,,,,,,,,,,,idle_5s,9db49c230c7cab6abe497d14b9f51e39ad30cb42,,idle,,18297,7,,,baseline,5003.535438999279,0,
,,,,,,,47.11620300000002,,,,,10,,,,0,0,0,109256,,0.9415074041979065,,0,,,,,,,,,,,editor_idle_5s,9db49c230c7cab6abe497d14b9f51e39ad30cb42,,idle,,20199,7,,,baseline,5004.336959000284,0,
,,,,,,,7.414523999999978,,,,,1,,,,0,0,0,114916,,0.14805157122261337,,0,,,,,,,,,,,idle_5s,0640c96464dcb50434f97b14d097418b51b110ba,,idle,,18297,7,,,candidate,5008.068431000538,0,
,,,,,,,22.141260000000052,,,,,10,,,,0,0,0,115300,,0.44238564597604724,,0,,,,,,,,,,,editor_idle_5s,0640c96464dcb50434f97b14d097418b51b110ba,,idle,,20199,7,,,candidate,5004.967996000232,0,
,,,,,,,21.317291000000015,,,,,1,,,,0,0,0,108988,,0.4258788481018219,,0,,,,,,,,,,,idle_5s,9db49c230c7cab6abe497d14b9f51e39ad30cb42,,idle,,18297,8,,,baseline,5005.482450000272,0,
,,,,,,,39.37542200000005,,,,,10,,,,0,0,0,109116,,0.7868343520864391,,0,,,,,,,,,,,editor_idle_5s,9db49c230c7cab6abe497d14b9f51e39ad30cb42,,idle,,20199,8,,,baseline,5004.283543999918,0,
,,,,,,,6.577398000000012,,,,,1,,,,0,0,0,114940,,0.13134598355439636,,0,,,,,,,,,,,idle_5s,0640c96464dcb50434f97b14d097418b51b110ba,,idle,,18297,8,,,candidate,5007.688718000281,0,
,,,,,,,22.465971000000028,,,,,10,,,,0,0,0,115324,,0.4487847724682804,,0,,,,,,,,,,,editor_idle_5s,0640c96464dcb50434f97b14d097418b51b110ba,,idle,,20199,8,,,candidate,5005.956613999842,0,
,,,,,3,,111.05918599999998,,,,24.644273000376415,10,,,,2,0,23.371641999910935,164312,,31.215944724536545,,13.44512660045438,,,,,,,,1000,,,render_1000_3_long,9db49c230c7cab6abe497d14b9f51e39ad30cb42,,long-cells,,77902,0,,,baseline,355.77710999950796,0,
,,,,,3,,77.560244,,,,41.44817199994577,8,,,,1,0,38.514126000445685,164124,,37.73672293217173,,7.3271224997552045,,,,,,,,1000,,,render_1000_3_long,0640c96464dcb50434f97b14d097418b51b110ba,,long-cells,,68382,0,,,candidate,205.5298870000115,0,
,,,,,3,,104.17551200000003,,,,28.062180999768316,8,,,,3,0,25.721437000465812,163840,,57.420243054353485,,24.41587224968316,,,,,,,,1000,,,render_1000_3_long,9db49c230c7cab6abe497d14b9f51e39ad30cb42,,long-cells,,68382,1,,,baseline,181.42645599982643,0,
,,,,,3,,100.066294,,,,33.05878900027892,8,,,,3,0,31.516502999802473,164008,,51.147098061662604,,20.32164279964489,,,,,,,,1000,,,render_1000_3_long,0640c96464dcb50434f97b14d097418b51b110ba,,long-cells,,68382,1,,,candidate,195.6441279999126,0,
,,,,,3,,90.61595399999995,,,,39.28181599985692,8,,,,1,0,36.78071099977387,164124,,47.35267794540506,,12.095124299612506,,,,,,,,1000,,,render_1000_3_long,9db49c230c7cab6abe497d14b9f51e39ad30cb42,,long-cells,,68382,2,,,baseline,191.3639479998892,0,
,,,,,3,,77.98576800000001,,,,20.703647999653185,9,,,,2,0,19.36143799968704,163828,,41.06475833608619,,15.086142000036471,,,,,,,,1000,,,render_1000_3_long,0640c96464dcb50434f97b14d097418b51b110ba,,long-cells,,71999,2,,,candidate,189.90923399996973,0,
,,,,,3,,71.969014,,,,23.16867999979877,8,,,,1,0,21.873499999965134,164036,,43.993544811093244,,14.453023199821464,,,,,,,,1000,,,render_1000_3_long,9db49c230c7cab6abe497d14b9f51e39ad30cb42,,long-cells,,68382,3,,,baseline,163.58994099937263,0,
,,,,,3,,86.470763,,,,28.52916699976049,9,,,,1,0,26.078246999641124,163912,,46.174337938003205,,14.59838474999742,,,,,,,,1000,,,render_1000_3_long,0640c96464dcb50434f97b14d097418b51b110ba,,long-cells,,71999,3,,,candidate,187.2701740003322,0,
,,,,,3,,85.37497799999998,,,,36.31427800064557,8,,,,1,0,33.75413500009017,163828,,52.38941767720528,,14.609322849646556,,,,,,,,1000,,,render_1000_3_long,9db49c230c7cab6abe497d14b9f51e39ad30cb42,,long-cells,,68382,4,,,baseline,162.96225800033426,0,
,,,,,3,,86.277948,,,,28.823684000599314,9,,,,1,0,26.49259199926746,163964,,46.39239669677812,,12.651709900201237,,,,,,,,1000,,,render_1000_3_long,0640c96464dcb50434f97b14d097418b51b110ba,,long-cells,,71999,4,,,candidate,185.97432800015667,0,
,,,,,,,0.8688919999999961,b9166f784d01e36cc12068f9cb4299d33e92833eee4450cd210dea67be5fc22e,,,,,,,0,,,,23256,100,,,,,,,,,,,,,,routine_completion,,50,cpu,,,0,,,baseline,0.8737979997022194,,
,,,,,,,0.8562159999999999,b9166f784d01e36cc12068f9cb4299d33e92833eee4450cd210dea67be5fc22e,,,,,,,1,,,,23256,100,,,,,,,,,,,,,,routine_completion,,50,cpu,,,1,,,baseline,0.8586220001234324,,
,,,,,,,0.8510099999999993,b9166f784d01e36cc12068f9cb4299d33e92833eee4450cd210dea67be5fc22e,,,,,,,2,,,,23256,100,,,,,,,,,,,,,,routine_completion,,50,cpu,,,2,,,baseline,0.8530270006303908,,
,,,,,,,0.8400689999999988,b9166f784d01e36cc12068f9cb4299d33e92833eee4450cd210dea67be5fc22e,,,,,,,3,,,,23256,100,,,,,,,,,,,,,,routine_completion,,50,cpu,,,3,,,baseline,0.8417250001002685,,
,,,,,,,0.8466290000000015,b9166f784d01e36cc12068f9cb4299d33e92833eee4450cd210dea67be5fc22e,,,,,,,4,,,,23256,100,,,,,,,,,,,,,,routine_completion,,50,cpu,,,4,,,baseline,0.8542840005247854,,
,,,,,,,0.8403350000000045,b9166f784d01e36cc12068f9cb4299d33e92833eee4450cd210dea67be5fc22e,,,,,,,5,,,,23256,100,,,,,,,,,,,,,,routine_completion,,50,cpu,,,5,,,baseline,0.842659000227286,,
,,,,,,,0.8419499999999941,b9166f784d01e36cc12068f9cb4299d33e92833eee4450cd210dea67be5fc22e,,,,,,,6,,,,23256,100,,,,,,,,,,,,,,routine_completion,,50,cpu,,,6,,,baseline,0.8403470001212554,,
,,,,,,,0.840581,b9166f784d01e36cc12068f9cb4299d33e92833eee4450cd210dea67be5fc22e,,,,,,,7,,,,23256,100,,,,,,,,,,,,,,routine_completion,,50,cpu,,,7,,,baseline,0.8605089997217874,,
,,,,,,,0.8476359999999988,b9166f784d01e36cc12068f9cb4299d33e92833eee4450cd210dea67be5fc22e,,,,,,,8,,,,23256,100,,,,,,,,,,,,,,routine_completion,,50,cpu,,,8,,,baseline,0.8825739996609627,,
,,,,,,,0.1566589999999965,49cbaaf853455d07fa17c12f09038071476fa7d95069b43ce0cbdf0bc74dc9a8,,,,,,,0,,,,23256,100,,,,,,,,,,,,,,table_completion,,50,cpu,,,0,,,baseline,0.15598200025124243,,
,,,,,,,0.159287000000001,49cbaaf853455d07fa17c12f09038071476fa7d95069b43ce0cbdf0bc74dc9a8,,,,,,,1,,,,23256,100,,,,,,,,,,,,,,table_completion,,50,cpu,,,1,,,baseline,0.15890799932094524,,
,,,,,,,0.1580169999999964,49cbaaf853455d07fa17c12f09038071476fa7d95069b43ce0cbdf0bc74dc9a8,,,,,,,2,,,,23256,100,,,,,,,,,,,,,,table_completion,,50,cpu,,,2,,,baseline,0.17079500048566842,,
,,,,,,,0.1557210000000045,49cbaaf853455d07fa17c12f09038071476fa7d95069b43ce0cbdf0bc74dc9a8,,,,,,,3,,,,23256,100,,,,,,,,,,,,,,table_completion,,50,cpu,,,3,,,baseline,0.16855600006238092,,
,,,,,,,0.15474199999999938,49cbaaf853455d07fa17c12f09038071476fa7d95069b43ce0cbdf0bc74dc9a8,,,,,,,4,,,,23256,100,,,,,,,,,,,,,,table_completion,,50,cpu,,,4,,,baseline,0.15433999942615628,,
,,,,,,,0.1594800000000035,49cbaaf853455d07fa17c12f09038071476fa7d95069b43ce0cbdf0bc74dc9a8,,,,,,,5,,,,23256,100,,,,,,,,,,,,,,table_completion,,50,cpu,,,5,,,baseline,0.1637149998714449,,
,,,,,,,0.15143299999999943,49cbaaf853455d07fa17c12f09038071476fa7d95069b43ce0cbdf0bc74dc9a8,,,,,,,6,,,,23256,100,,,,,,,,,,,,,,table_completion,,50,cpu,,,6,,,baseline,0.15109400010260288,,
,,,,,,,0.15267599999999742,49cbaaf853455d07fa17c12f09038071476fa7d95069b43ce0cbdf0bc74dc9a8,,,,,,,7,,,,23256,100,,,,,,,,,,,,,,table_completion,,50,cpu,,,7,,,baseline,0.15236200033541536,,
,,,,,,,0.15571699999999966,49cbaaf853455d07fa17c12f09038071476fa7d95069b43ce0cbdf0bc74dc9a8,,,,,,,8,,,,23256,100,,,,,,,,,,,,,,table_completion,,50,cpu,,,8,,,baseline,0.15525099934166064,,
,,,,,,,1.0070380000000019,180f0262a9e4bb31ef544f794265fa407839c7f3a63f5a0c1907bd8d51e54984,,,,,,,0,,,,24208,100,,,,,,,,,,,,,,unrelated_completion,,50,cpu,,,0,,,baseline,1.0086760003105155,,
,,,,,,,0.9108879999999986,180f0262a9e4bb31ef544f794265fa407839c7f3a63f5a0c1907bd8d51e54984,,,,,,,1,,,,24208,100,,,,,,,,,,,,,,unrelated_completion,,50,cpu,,,1,,,baseline,0.9129609998126398,,
,,,,,,,0.9085469999999957,180f0262a9e4bb31ef544f794265fa407839c7f3a63f5a0c1907bd8d51e54984,,,,,,,2,,,,24208,100,,,,,,,,,,,,,,unrelated_completion,,50,cpu,,,2,,,baseline,0.9676749996287981,,
,,,,,,,0.8909950000000055,180f0262a9e4bb31ef544f794265fa407839c7f3a63f5a0c1907bd8d51e54984,,,,,,,3,,,,24208,100,,,,,,,,,,,,,,unrelated_completion,,50,cpu,,,3,,,baseline,0.8931400006986223,,
,,,,,,,0.890674000000008,180f0262a9e4bb31ef544f794265fa407839c7f3a63f5a0c1907bd8d51e54984,,,,,,,4,,,,24208,100,,,,,,,,,,,,,,unrelated_completion,,50,cpu,,,4,,,baseline,0.9169360000669258,,
,,,,,,,0.8834239999999938,180f0262a9e4bb31ef544f794265fa407839c7f3a63f5a0c1907bd8d51e54984,,,,,,,5,,,,24208,100,,,,,,,,,,,,,,unrelated_completion,,50,cpu,,,5,,,baseline,0.8846260006976081,,
,,,,,,,0.8861569999999985,180f0262a9e4bb31ef544f794265fa407839c7f3a63f5a0c1907bd8d51e54984,,,,,,,6,,,,24208,100,,,,,,,,,,,,,,unrelated_completion,,50,cpu,,,6,,,baseline,0.8883959999366198,,
,,,,,,,0.8992339999999988,180f0262a9e4bb31ef544f794265fa407839c7f3a63f5a0c1907bd8d51e54984,,,,,,,7,,,,24208,100,,,,,,,,,,,,,,unrelated_completion,,50,cpu,,,7,,,baseline,0.9013979997689603,,
,,,,,,,0.9007739999999931,180f0262a9e4bb31ef544f794265fa407839c7f3a63f5a0c1907bd8d51e54984,,,,,,,8,,,,24208,100,,,,,,,,,,,,,,unrelated_completion,,50,cpu,,,8,,,baseline,0.906566999219649,,
,,,,,,,0.8250429999999975,4f53cda18c2baa0c0354bb5f9a3ecbe5ed12ab4d8e11ba873c2f11161202b945,,,,,,,0,,,,24208,100,,,,,,,,,,,,,,blank_completion,,0,cpu,,,0,,,baseline,0.8265850001407671,,
,,,,,,,0.792548000000004,4f53cda18c2baa0c0354bb5f9a3ecbe5ed12ab4d8e11ba873c2f11161202b945,,,,,,,1,,,,24208,100,,,,,,,,,,,,,,blank_completion,,0,cpu,,,1,,,baseline,0.795141999333282,,
,,,,,,,0.7921310000000015,4f53cda18c2baa0c0354bb5f9a3ecbe5ed12ab4d8e11ba873c2f11161202b945,,,,,,,2,,,,24208,100,,,,,,,,,,,,,,blank_completion,,0,cpu,,,2,,,baseline,0.7916739996289834,,
,,,,,,,0.7858220000000055,4f53cda18c2baa0c0354bb5f9a3ecbe5ed12ab4d8e11ba873c2f11161202b945,,,,,,,3,,,,24208,100,,,,,,,,,,,,,,blank_completion,,0,cpu,,,3,,,baseline,0.7901919998403173,,
,,,,,,,0.7899249999999969,4f53cda18c2baa0c0354bb5f9a3ecbe5ed12ab4d8e11ba873c2f11161202b945,,,,,,,4,,,,24208,100,,,,,,,,,,,,,,blank_completion,,0,cpu,,,4,,,baseline,0.7920870002635638,,
,,,,,,,0.8041909999999958,4f53cda18c2baa0c0354bb5f9a3ecbe5ed12ab4d8e11ba873c2f11161202b945,,,,,,,5,,,,24208,100,,,,,,,,,,,,,,blank_completion,,0,cpu,,,5,,,baseline,0.8056349997787038,,
,,,,,,,0.8224230000000027,4f53cda18c2baa0c0354bb5f9a3ecbe5ed12ab4d8e11ba873c2f11161202b945,,,,,,,6,,,,24208,100,,,,,,,,,,,,,,blank_completion,,0,cpu,,,6,,,baseline,0.8241430005000439,,
,,,,,,,0.8253059999999979,4f53cda18c2baa0c0354bb5f9a3ecbe5ed12ab4d8e11ba873c2f11161202b945,,,,,,,7,,,,24208,100,,,,,,,,,,,,,,blank_completion,,0,cpu,,,7,,,baseline,0.8465970004181145,,
,,,,,,,0.8008719999999941,4f53cda18c2baa0c0354bb5f9a3ecbe5ed12ab4d8e11ba873c2f11161202b945,,,,,,,8,,,,24208,100,,,,,,,,,,,,,,blank_completion,,0,cpu,,,8,,,baseline,0.8293110004160553,,
,,,,,,,77.08953499999998,b9166f784d01e36cc12068f9cb4299d33e92833eee4450cd210dea67be5fc22e,,,,,,,0,,,,25104,1000,,,,,,,,,,,,,,routine_completion,,50,cpu,,,0,,,baseline,82.55968600042252,,
,,,,,,,77.062876,b9166f784d01e36cc12068f9cb4299d33e92833eee4450cd210dea67be5fc22e,,,,,,,1,,,,25104,1000,,,,,,,,,,,,,,routine_completion,,50,cpu,,,1,,,baseline,80.7607739998275,,
,,,,,,,76.74646099999998,b9166f784d01e36cc12068f9cb4299d33e92833eee4450cd210dea67be5fc22e,,,,,,,2,,,,25104,1000,,,,,,,,,,,,,,routine_completion,,50,cpu,,,2,,,baseline,77.53336900077556,,
,,,,,,,77.240916,b9166f784d01e36cc12068f9cb4299d33e92833eee4450cd210dea67be5fc22e,,,,,,,3,,,,25104,1000,,,,,,,,,,,,,,routine_completion,,50,cpu,,,3,,,baseline,78.05847500003438,,
,,,,,,,77.33553699999996,b9166f784d01e36cc12068f9cb4299d33e92833eee4450cd210dea67be5fc22e,,,,,,,4,,,,25104,1000,,,,,,,,,,,,,,routine_completion,,50,cpu,,,4,,,baseline,78.18598699941504,,
,,,,,,,76.89023699999997,b9166f784d01e36cc12068f9cb4299d33e92833eee4450cd210dea67be5fc22e,,,,,,,5,,,,25104,1000,,,,,,,,,,,,,,routine_completion,,50,cpu,,,5,,,baseline,77.59970600000088,,
,,,,,,,77.14700600000002,b9166f784d01e36cc12068f9cb4299d33e92833eee4450cd210dea67be5fc22e,,,,,,,6,,,,25104,1000,,,,,,,,,,,,,,routine_completion,,50,cpu,,,6,,,baseline,78.07793399933871,,
,,,,,,,76.82957000000002,b9166f784d01e36cc12068f9cb4299d33e92833eee4450cd210dea67be5fc22e,,,,,,,7,,,,25104,1000,,,,,,,,,,,,,,routine_completion,,50,cpu,,,7,,,baseline,77.6655909994588,,
,,,,,,,76.73233499999998,b9166f784d01e36cc12068f9cb4299d33e92833eee4450cd210dea67be5fc22e,,,,,,,8,,,,25104,1000,,,,,,,,,,,,,,routine_completion,,50,cpu,,,8,,,baseline,77.4142739992385,,
,,,,,,,1.4355879999999877,49cbaaf853455d07fa17c12f09038071476fa7d95069b43ce0cbdf0bc74dc9a8,,,,,,,0,,,,25104,1000,,,,,,,,,,,,,,table_completion,,50,cpu,,,0,,,baseline,1.4374490001500817,,
,,,,,,,1.430841000000016,49cbaaf853455d07fa17c12f09038071476fa7d95069b43ce0cbdf0bc74dc9a8,,,,,,,1,,,,25104,1000,,,,,,,,,,,,,,table_completion,,50,cpu,,,1,,,baseline,1.4345780000439845,,
,,,,,,,1.420360999999981,49cbaaf853455d07fa17c12f09038071476fa7d95069b43ce0cbdf0bc74dc9a8,,,,,,,2,,,,25104,1000,,,,,,,,,,,,,,table_completion,,50,cpu,,,2,,,baseline,1.4249800005927682,,
,,,,,,,1.390366999999948,49cbaaf853455d07fa17c12f09038071476fa7d95069b43ce0cbdf0bc74dc9a8,,,,,,,3,,,,25104,1000,,,,,,,,,,,,,,table_completion,,50,cpu,,,3,,,baseline,1.3944480006102822,,
,,,,,,,1.472114999999996,49cbaaf853455d07fa17c12f09038071476fa7d95069b43ce0cbdf0bc74dc9a8,,,,,,,4,,,,25104,1000,,,,,,,,,,,,,,table_completion,,50,cpu,,,4,,,baseline,1.490261999606446,,
,,,,,,,1.4611620000000158,49cbaaf853455d07fa17c12f09038071476fa7d95069b43ce0cbdf0bc74dc9a8,,,,,,,5,,,,25104,1000,,,,,,,,,,,,,,table_completion,,50,cpu,,,5,,,baseline,1.4949350006645545,,
,,,,,,,1.4164939999999904,49cbaaf853455d07fa17c12f09038071476fa7d95069b43ce0cbdf0bc74dc9a8,,,,,,,6,,,,25104,1000,,,,,,,,,,,,,,table_completion,,50,cpu,,,6,,,baseline,1.426495999112376,,
,,,,,,,1.3884239999999437,49cbaaf853455d07fa17c12f09038071476fa7d95069b43ce0cbdf0bc74dc9a8,,,,,,,7,,,,25104,1000,,,,,,,,,,,,,,table_completion,,50,cpu,,,7,,,baseline,1.3907069997003418,,
,,,,,,,1.4643060000000263,49cbaaf853455d07fa17c12f09038071476fa7d95069b43ce0cbdf0bc74dc9a8,,,,,,,8,,,,25104,1000,,,,,,,,,,,,,,table_completion,,50,cpu,,,8,,,baseline,1.4692180002384703,,
,,,,,,,76.55299800000004,180f0262a9e4bb31ef544f794265fa407839c7f3a63f5a0c1907bd8d51e54984,,,,,,,0,,,,25104,1000,,,,,,,,,,,,,,unrelated_completion,,50,cpu,,,0,,,baseline,77.27992299987818,,
,,,,,,,76.7176679999999,180f0262a9e4bb31ef544f794265fa407839c7f3a63f5a0c1907bd8d51e54984,,,,,,,1,,,,25104,1000,,,,,,,,,,,,,,unrelated_completion,,50,cpu,,,1,,,baseline,77.47960300002887,,
,,,,,,,76.483407,180f0262a9e4bb31ef544f794265fa407839c7f3a63f5a0c1907bd8d51e54984,,,,,,,2,,,,25104,1000,,,,,,,,,,,,,,unrelated_completion,,50,cpu,,,2,,,baseline,77.2887470002388,,
,,,,,,,76.67310100000013,180f0262a9e4bb31ef544f794265fa407839c7f3a63f5a0c1907bd8d51e54984,,,,,,,3,,,,25104,1000,,,,,,,,,,,,,,unrelated_completion,,50,cpu,,,3,,,baseline,77.46186100030172,,
,,,,,,,76.7857219999999,180f0262a9e4bb31ef544f794265fa407839c7f3a63f5a0c1907bd8d51e54984,,,,,,,4,,,,25104,1000,,,,,,,,,,,,,,unrelated_completion,,50,cpu,,,4,,,baseline,77.59475100010604,,
,,,,,,,76.76680700000004,180f0262a9e4bb31ef544f794265fa407839c7f3a63f5a0c1907bd8d51e54984,,,,,,,5,,,,25104,1000,,,,,,,,,,,,,,unrelated_completion,,50,cpu,,,5,,,baseline,77.61465499970654,,
,,,,,,,77.11616599999994,180f0262a9e4bb31ef544f794265fa407839c7f3a63f5a0c1907bd8d51e54984,,,,,,,6,,,,25104,1000,,,,,,,,,,,,,,unrelated_completion,,50,cpu,,,6,,,baseline,79.09078499960742,,
,,,,,,,76.78984799999999,180f0262a9e4bb31ef544f794265fa407839c7f3a63f5a0c1907bd8d51e54984,,,,,,,7,,,,25104,1000,,,,,,,,,,,,,,unrelated_completion,,50,cpu,,,7,,,baseline,79.62344299994584,,
,,,,,,,79.33738099999998,180f0262a9e4bb31ef544f794265fa407839c7f3a63f5a0c1907bd8d51e54984,,,,,,,8,,,,25104,1000,,,,,,,,,,,,,,unrelated_completion,,50,cpu,,,8,,,baseline,80.81612800015137,,
,,,,,,,79.3797679999999,4f53cda18c2baa0c0354bb5f9a3ecbe5ed12ab4d8e11ba873c2f11161202b945,,,,,,,0,,,,25104,1000,,,,,,,,,,,,,,blank_completion,,0,cpu,,,0,,,baseline,80.98197399976925,,
,,,,,,,80.34967800000015,4f53cda18c2baa0c0354bb5f9a3ecbe5ed12ab4d8e11ba873c2f11161202b945,,,,,,,1,,,,25104,1000,,,,,,,,,,,,,,blank_completion,,0,cpu,,,1,,,baseline,81.98822700069286,,
,,,,,,,79.63988099999986,4f53cda18c2baa0c0354bb5f9a3ecbe5ed12ab4d8e11ba873c2f11161202b945,,,,,,,2,,,,25104,1000,,,,,,,,,,,,,,blank_completion,,0,cpu,,,2,,,baseline,81.02048700038722,,
,,,,,,,79.21360200000005,4f53cda18c2baa0c0354bb5f9a3ecbe5ed12ab4d8e11ba873c2f11161202b945,,,,,,,3,,,,25104,1000,,,,,,,,,,,,,,blank_completion,,0,cpu,,,3,,,baseline,80.07607600029587,,
,,,,,,,78.49389600000035,4f53cda18c2baa0c0354bb5f9a3ecbe5ed12ab4d8e11ba873c2f11161202b945,,,,,,,4,,,,25104,1000,,,,,,,,,,,,,,blank_completion,,0,cpu,,,4,,,baseline,79.33632000003854,,
,,,,,,,78.99632099999998,4f53cda18c2baa0c0354bb5f9a3ecbe5ed12ab4d8e11ba873c2f11161202b945,,,,,,,5,,,,25104,1000,,,,,,,,,,,,,,blank_completion,,0,cpu,,,5,,,baseline,79.79373800026224,,
,,,,,,,77.75389700000002,4f53cda18c2baa0c0354bb5f9a3ecbe5ed12ab4d8e11ba873c2f11161202b945,,,,,,,6,,,,25104,1000,,,,,,,,,,,,,,blank_completion,,0,cpu,,,6,,,baseline,78.63282699963747,,
,,,,,,,78.36055900000005,4f53cda18c2baa0c0354bb5f9a3ecbe5ed12ab4d8e11ba873c2f11161202b945,,,,,,,7,,,,25104,1000,,,,,,,,,,,,,,blank_completion,,0,cpu,,,7,,,baseline,79.16510699942592,,
,,,,,,,78.50161999999995,4f53cda18c2baa0c0354bb5f9a3ecbe5ed12ab4d8e11ba873c2f11161202b945,,,,,,,8,,,,25104,1000,,,,,,,,,,,,,,blank_completion,,0,cpu,,,8,,,baseline,79.25381199947878,,
,,,,,,,1970.0998969999998,b9166f784d01e36cc12068f9cb4299d33e92833eee4450cd210dea67be5fc22e,,,,,,,0,,,,29500,5000,,,,,,,,,,,,,,routine_completion,,50,cpu,,,0,,,baseline,2004.4071980000808,,
,,,,,,,2007.9932360000007,b9166f784d01e36cc12068f9cb4299d33e92833eee4450cd210dea67be5fc22e,,,,,,,1,,,,29500,5000,,,,,,,,,,,,,,routine_completion,,50,cpu,,,1,,,baseline,2043.7765450005827,,
,,,,,,,2011.722444,b9166f784d01e36cc12068f9cb4299d33e92833eee4450cd210dea67be5fc22e,,,,,,,2,,,,29500,5000,,,,,,,,,,,,,,routine_completion,,50,cpu,,,2,,,baseline,2041.320270000142,,
,,,,,,,2228.837761000001,b9166f784d01e36cc12068f9cb4299d33e92833eee4450cd210dea67be5fc22e,,,,,,,3,,,,29500,5000,,,,,,,,,,,,,,routine_completion,,50,cpu,,,3,,,baseline,2280.946760000006,,
,,,,,,,2336.1570149999993,b9166f784d01e36cc12068f9cb4299d33e92833eee4450cd210dea67be5fc22e,,,,,,,4,,,,29500,5000,,,,,,,,,,,,,,routine_completion,,50,cpu,,,4,,,baseline,2375.049565000154,,
,,,,,,,2295.49707,b9166f784d01e36cc12068f9cb4299d33e92833eee4450cd210dea67be5fc22e,,,,,,,5,,,,29500,5000,,,,,,,,,,,,,,routine_completion,,50,cpu,,,5,,,baseline,2337.474960999316,,
,,,,,,,2447.0888009999994,b9166f784d01e36cc12068f9cb4299d33e92833eee4450cd210dea67be5fc22e,,,,,,,6,,,,29500,5000,,,,,,,,,,,,,,routine_completion,,50,cpu,,,6,,,baseline,2560.171488999913,,
,,,,,,,2474.2440529999994,b9166f784d01e36cc12068f9cb4299d33e92833eee4450cd210dea67be5fc22e,,,,,,,7,,,,29500,5000,,,,,,,,,,,,,,routine_completion,,50,cpu,,,7,,,baseline,2578.888895000091,,
,,,,,,,2416.1060659999976,b9166f784d01e36cc12068f9cb4299d33e92833eee4450cd210dea67be5fc22e,,,,,,,8,,,,29500,5000,,,,,,,,,,,,,,routine_completion,,50,cpu,,,8,,,baseline,2493.4609940000882,,
,,,,,,,8.726693999999924,49cbaaf853455d07fa17c12f09038071476fa7d95069b43ce0cbdf0bc74dc9a8,,,,,,,0,,,,29500,5000,,,,,,,,,,,,,,table_completion,,50,cpu,,,0,,,baseline,8.798404000117444,,
,,,,,,,8.769440000001794,49cbaaf853455d07fa17c12f09038071476fa7d95069b43ce0cbdf0bc74dc9a8,,,,,,,1,,,,29500,5000,,,,,,,,,,,,,,table_completion,,50,cpu,,,1,,,baseline,8.819944000606483,,
,,,,,,,8.812400000000054,49cbaaf853455d07fa17c12f09038071476fa7d95069b43ce0cbdf0bc74dc9a8,,,,,,,2,,,,29500,5000,,,,,,,,,,,,,,table_completion,,50,cpu,,,2,,,baseline,8.936241999435879,,
,,,,,,,8.775760999998994,49cbaaf853455d07fa17c12f09038071476fa7d95069b43ce0cbdf0bc74dc9a8,,,,,,,3,,,,29500,5000,,,,,,,,,,,,,,table_completion,,50,cpu,,,3,,,baseline,8.920899999793619,,
,,,,,,,8.848292999999785,49cbaaf853455d07fa17c12f09038071476fa7d95069b43ce0cbdf0bc74dc9a8,,,,,,,4,,,,29500,5000,,,,,,,,,,,,,,table_completion,,50,cpu,,,4,,,baseline,8.926984000027005,,
,,,,,,,8.8380860000008,49cbaaf853455d07fa17c12f09038071476fa7d95069b43ce0cbdf0bc74dc9a8,,,,,,,5,,,,29500,5000,,,,,,,,,,,,,,table_completion,,50,cpu,,,5,,,baseline,8.867112999723759,,
,,,,,,,8.79374499999841,49cbaaf853455d07fa17c12f09038071476fa7d95069b43ce0cbdf0bc74dc9a8,,,,,,,6,,,,29500,5000,,,,,,,,,,,,,,table_completion,,50,cpu,,,6,,,baseline,8.923633999984304,,
,,,,,,,8.885327000001553,49cbaaf853455d07fa17c12f09038071476fa7d95069b43ce0cbdf0bc74dc9a8,,,,,,,7,,,,29500,5000,,,,,,,,,,,,,,table_completion,,50,cpu,,,7,,,baseline,8.918958000322164,,
,,,,,,,8.86520799999957,49cbaaf853455d07fa17c12f09038071476fa7d95069b43ce0cbdf0bc74dc9a8,,,,,,,8,,,,29500,5000,,,,,,,,,,,,,,table_completion,,50,cpu,,,8,,,baseline,9.02821700037748,,
,,,,,,,2289.139985000002,180f0262a9e4bb31ef544f794265fa407839c7f3a63f5a0c1907bd8d51e54984,,,,,,,0,,,,29500,5000,,,,,,,,,,,,,,unrelated_completion,,50,cpu,,,0,,,baseline,2338.7125600002037,,
,,,,,,,2265.1314639999996,180f0262a9e4bb31ef544f794265fa407839c7f3a63f5a0c1907bd8d51e54984,,,,,,,1,,,,29500,5000,,,,,,,,,,,,,,unrelated_completion,,50,cpu,,,1,,,baseline,2303.0703170006745,,
,,,,,,,2334.7581009999985,180f0262a9e4bb31ef544f794265fa407839c7f3a63f5a0c1907bd8d51e54984,,,,,,,2,,,,29500,5000,,,,,,,,,,,,,,unrelated_completion,,50,cpu,,,2,,,baseline,2382.3254899998574,,
,,,,,,,2280.9912649999974,180f0262a9e4bb31ef544f794265fa407839c7f3a63f5a0c1907bd8d51e54984,,,,,,,3,,,,29500,5000,,,,,,,,,,,,,,unrelated_completion,,50,cpu,,,3,,,baseline,2313.9512560001094,,
,,,,,,,2331.036447999999,180f0262a9e4bb31ef544f794265fa407839c7f3a63f5a0c1907bd8d51e54984,,,,,,,4,,,,29500,5000,,,,,,,,,,,,,,unrelated_completion,,50,cpu,,,4,,,baseline,2424.3105699997614,,
,,,,,,,2416.36982,180f0262a9e4bb31ef544f794265fa407839c7f3a63f5a0c1907bd8d51e54984,,,,,,,5,,,,29500,5000,,,,,,,,,,,,,,unrelated_completion,,50,cpu,,,5,,,baseline,2455.214949999572,,
,,,,,,,2300.630856000005,180f0262a9e4bb31ef544f794265fa407839c7f3a63f5a0c1907bd8d51e54984,,,,,,,6,,,,29500,5000,,,,,,,,,,,,,,unrelated_completion,,50,cpu,,,6,,,baseline,2339.063669999632,,
,,,,,,,2253.072422999999,180f0262a9e4bb31ef544f794265fa407839c7f3a63f5a0c1907bd8d51e54984,,,,,,,7,,,,29500,5000,,,,,,,,,,,,,,unrelated_completion,,50,cpu,,,7,,,baseline,2284.315974000492,,
,,,,,,,2427.9119489999985,180f0262a9e4bb31ef544f794265fa407839c7f3a63f5a0c1907bd8d51e54984,,,,,,,8,,,,29500,5000,,,,,,,,,,,,,,unrelated_completion,,50,cpu,,,8,,,baseline,2519.098480000139,,
,,,,,,,2365.7797190000024,4f53cda18c2baa0c0354bb5f9a3ecbe5ed12ab4d8e11ba873c2f11161202b945,,,,,,,0,,,,29500,5000,,,,,,,,,,,,,,blank_completion,,0,cpu,,,0,,,baseline,2448.617328999717,,
,,,,,,,2527.261424999999,4f53cda18c2baa0c0354bb5f9a3ecbe5ed12ab4d8e11ba873c2f11161202b945,,,,,,,1,,,,29500,5000,,,,,,,,,,,,,,blank_completion,,0,cpu,,,1,,,baseline,2860.6072960001256,,
,,,,,,,2571.9200189999965,4f53cda18c2baa0c0354bb5f9a3ecbe5ed12ab4d8e11ba873c2f11161202b945,,,,,,,2,,,,29500,5000,,,,,,,,,,,,,,blank_completion,,0,cpu,,,2,,,baseline,3002.1811220003656,,
,,,,,,,2486.0428770000026,4f53cda18c2baa0c0354bb5f9a3ecbe5ed12ab4d8e11ba873c2f11161202b945,,,,,,,3,,,,29500,5000,,,,,,,,,,,,,,blank_completion,,0,cpu,,,3,,,baseline,2569.619354000679,,
,,,,,,,2391.8242879999952,4f53cda18c2baa0c0354bb5f9a3ecbe5ed12ab4d8e11ba873c2f11161202b945,,,,,,,4,,,,29500,5000,,,,,,,,,,,,,,blank_completion,,0,cpu,,,4,,,baseline,2432.91387499994,,
,,,,,,,2271.163850000001,4f53cda18c2baa0c0354bb5f9a3ecbe5ed12ab4d8e11ba873c2f11161202b945,,,,,,,5,,,,29500,5000,,,,,,,,,,,,,,blank_completion,,0,cpu,,,5,,,baseline,2295.276984999873,,
,,,,,,,2284.120766000001,4f53cda18c2baa0c0354bb5f9a3ecbe5ed12ab4d8e11ba873c2f11161202b945,,,,,,,6,,,,29500,5000,,,,,,,,,,,,,,blank_completion,,0,cpu,,,6,,,baseline,2302.7147890006745,,
,,,,,,,2269.171924999995,4f53cda18c2baa0c0354bb5f9a3ecbe5ed12ab4d8e11ba873c2f11161202b945,,,,,,,7,,,,29500,5000,,,,,,,,,,,,,,blank_completion,,0,cpu,,,7,,,baseline,2288.028279000173,,
,,,,,,,2277.328707999999,4f53cda18c2baa0c0354bb5f9a3ecbe5ed12ab4d8e11ba873c2f11161202b945,,,,,,,8,,,,29500,5000,,,,,,,,,,,,,,blank_completion,,0,cpu,,,8,,,baseline,2326.203823000469,,
,,,,,,,0.15194100000000266,b9166f784d01e36cc12068f9cb4299d33e92833eee4450cd210dea67be5fc22e,,,,,,,0,,,,23208,100,,,,,,,,,,,,,,routine_completion,,50,cpu,,,0,,,candidate,0.14922599984856788,,
,,,,,,,0.1337579999999977,b9166f784d01e36cc12068f9cb4299d33e92833eee4450cd210dea67be5fc22e,,,,,,,1,,,,23208,100,,,,,,,,,,,,,,routine_completion,,50,cpu,,,1,,,candidate,0.13270299950818298,,
,,,,,,,0.12770500000000573,b9166f784d01e36cc12068f9cb4299d33e92833eee4450cd210dea67be5fc22e,,,,,,,2,,,,23208,100,,,,,,,,,,,,,,routine_completion,,50,cpu,,,2,,,candidate,0.12692200016317656,,
,,,,,,,0.1230480000000006,b9166f784d01e36cc12068f9cb4299d33e92833eee4450cd210dea67be5fc22e,,,,,,,3,,,,23208,100,,,,,,,,,,,,,,routine_completion,,50,cpu,,,3,,,candidate,0.12232300014147768,,
,,,,,,,0.11941099999999982,b9166f784d01e36cc12068f9cb4299d33e92833eee4450cd210dea67be5fc22e,,,,,,,4,,,,23208,100,,,,,,,,,,,,,,routine_completion,,50,cpu,,,4,,,candidate,0.1220619997184258,,
,,,,,,,0.1149079999999969,b9166f784d01e36cc12068f9cb4299d33e92833eee4450cd210dea67be5fc22e,,,,,,,5,,,,23208,100,,,,,,,,,,,,,,routine_completion,,50,cpu,,,5,,,candidate,0.11439999980211724,,
,,,,,,,0.11323600000000267,b9166f784d01e36cc12068f9cb4299d33e92833eee4450cd210dea67be5fc22e,,,,,,,6,,,,23208,100,,,,,,,,,,,,,,routine_completion,,50,cpu,,,6,,,candidate,0.11266999990766635,,
,,,,,,,0.11167899999999648,b9166f784d01e36cc12068f9cb4299d33e92833eee4450cd210dea67be5fc22e,,,,,,,7,,,,23208,100,,,,,,,,,,,,,,routine_completion,,50,cpu,,,7,,,candidate,0.11109800016129157,,
,,,,,,,0.11017299999999813,b9166f784d01e36cc12068f9cb4299d33e92833eee4450cd210dea67be5fc22e,,,,,,,8,,,,23208,100,,,,,,,,,,,,,,routine_completion,,50,cpu,,,8,,,candidate,0.10946000020339852,,
,,,,,,,0.18514700000000356,49cbaaf853455d07fa17c12f09038071476fa7d95069b43ce0cbdf0bc74dc9a8,,,,,,,0,,,,23208,100,,,,,,,,,,,,,,table_completion,,50,cpu,,,0,,,candidate,0.18433200057188515,,
,,,,,,,0.18773100000000348,49cbaaf853455d07fa17c12f09038071476fa7d95069b43ce0cbdf0bc74dc9a8,,,,,,,1,,,,23208,100,,,,,,,,,,,,,,table_completion,,50,cpu,,,1,,,candidate,0.1870500000222819,,
,,,,,,,0.18068899999999777,49cbaaf853455d07fa17c12f09038071476fa7d95069b43ce0cbdf0bc74dc9a8,,,,,,,2,,,,23208,100,,,,,,,,,,,,,,table_completion,,50,cpu,,,2,,,candidate,0.18018199989455752,,
,,,,,,,0.18242499999999995,49cbaaf853455d07fa17c12f09038071476fa7d95069b43ce0cbdf0bc74dc9a8,,,,,,,3,,,,23208,100,,,,,,,,,,,,,,table_completion,,50,cpu,,,3,,,candidate,0.18189699949289206,,
,,,,,,,0.18046399999999824,49cbaaf853455d07fa17c12f09038071476fa7d95069b43ce0cbdf0bc74dc9a8,,,,,,,4,,,,23208,100,,,,,,,,,,,,,,table_completion,,50,cpu,,,4,,,candidate,0.17991300046560355,,
,,,,,,,0.18111299999999664,49cbaaf853455d07fa17c12f09038071476fa7d95069b43ce0cbdf0bc74dc9a8,,,,,,,5,,,,23208,100,,,,,,,,,,,,,,table_completion,,50,cpu,,,5,,,candidate,0.1805419997253921,,
,,,,,,,0.18277499999999614,49cbaaf853455d07fa17c12f09038071476fa7d95069b43ce0cbdf0bc74dc9a8,,,,,,,6,,,,23208,100,,,,,,,,,,,,,,table_completion,,50,cpu,,,6,,,candidate,0.18209999961982248,,
,,,,,,,0.1806580000000002,49cbaaf853455d07fa17c12f09038071476fa7d95069b43ce0cbdf0bc74dc9a8,,,,,,,7,,,,23208,100,,,,,,,,,,,,,,table_completion,,50,cpu,,,7,,,candidate,0.18016499961959198,,
,,,,,,,0.1801399999999953,49cbaaf853455d07fa17c12f09038071476fa7d95069b43ce0cbdf0bc74dc9a8,,,,,,,8,,,,23208,100,,,,,,,,,,,,,,table_completion,,50,cpu,,,8,,,candidate,0.1796630003809696,,
,,,,,,,0.2568350000000108,180f0262a9e4bb31ef544f794265fa407839c7f3a63f5a0c1907bd8d51e54984,,,,,,,0,,,,24160,100,,,,,,,,,,,,,,unrelated_completion,,50,cpu,,,0,,,candidate,0.25467100022069644,,
,,,,,,,0.20581800000001038,180f0262a9e4bb31ef544f794265fa407839c7f3a63f5a0c1907bd8d51e54984,,,,,,,1,,,,24160,100,,,,,,,,,,,,,,unrelated_completion,,50,cpu,,,1,,,candidate,0.2050200000667246,,
,,,,,,,0.1977769999999962,180f0262a9e4bb31ef544f794265fa407839c7f3a63f5a0c1907bd8d51e54984,,,,,,,2,,,,24160,100,,,,,,,,,,,,,,unrelated_completion,,50,cpu,,,2,,,candidate,0.20681400019384455,,
,,,,,,,0.19677099999999836,180f0262a9e4bb31ef544f794265fa407839c7f3a63f5a0c1907bd8d51e54984,,,,,,,3,,,,24160,100,,,,,,,,,,,,,,unrelated_completion,,50,cpu,,,3,,,candidate,0.19599600000219652,,
,,,,,,,0.18872999999999807,180f0262a9e4bb31ef544f794265fa407839c7f3a63f5a0c1907bd8d51e54984,,,,,,,4,,,,24160,100,,,,,,,,,,,,,,unrelated_completion,,50,cpu,,,4,,,candidate,0.18801599981088657,,
,,,,,,,0.18542500000000295,180f0262a9e4bb31ef544f794265fa407839c7f3a63f5a0c1907bd8d51e54984,,,,,,,5,,,,24160,100,,,,,,,,,,,,,,unrelated_completion,,50,cpu,,,5,,,candidate,0.1844159996835515,,
,,,,,,,0.18307999999998825,180f0262a9e4bb31ef544f794265fa407839c7f3a63f5a0c1907bd8d51e54984,,,,,,,6,,,,24160,100,,,,,,,,,,,,,,unrelated_completion,,50,cpu,,,6,,,candidate,0.18228099997941172,,
,,,,,,,0.18347999999999975,180f0262a9e4bb31ef544f794265fa407839c7f3a63f5a0c1907bd8d51e54984,,,,,,,7,,,,24160,100,,,,,,,,,,,,,,unrelated_completion,,50,cpu,,,7,,,candidate,0.18607299989525927,,
,,,,,,,0.18096899999998917,180f0262a9e4bb31ef544f794265fa407839c7f3a63f5a0c1907bd8d51e54984,,,,,,,8,,,,24160,100,,,,,,,,,,,,,,unrelated_completion,,50,cpu,,,8,,,candidate,0.18014399938692804,,
,,,,,,,0.0011619999999989972,4f53cda18c2baa0c0354bb5f9a3ecbe5ed12ab4d8e11ba873c2f11161202b945,,,,,,,0,,,,24160,100,,,,,,,,,,,,,,blank_completion,,0,cpu,,,0,,,candidate,0.0006330001269816421,,
,,,,,,,0.0008449999999993185,4f53cda18c2baa0c0354bb5f9a3ecbe5ed12ab4d8e11ba873c2f11161202b945,,,,,,,1,,,,24160,100,,,,,,,,,,,,,,blank_completion,,0,cpu,,,1,,,candidate,0.0004780004019266926,,
,,,,,,,0.0007429999999974957,4f53cda18c2baa0c0354bb5f9a3ecbe5ed12ab4d8e11ba873c2f11161202b945,,,,,,,2,,,,24160,100,,,,,,,,,,,,,,blank_completion,,0,cpu,,,2,,,candidate,0.00039800033846404403,,
,,,,,,,0.0005480000000029905,4f53cda18c2baa0c0354bb5f9a3ecbe5ed12ab4d8e11ba873c2f11161202b945,,,,,,,3,,,,24160,100,,,,,,,,,,,,,,blank_completion,,0,cpu,,,3,,,candidate,0.00022400035959435627,,
,,,,,,,0.0004920000000047109,4f53cda18c2baa0c0354bb5f9a3ecbe5ed12ab4d8e11ba873c2f11161202b945,,,,,,,4,,,,24160,100,,,,,,,,,,,,,,blank_completion,,0,cpu,,,4,,,candidate,0.00019900016923202202,,
,,,,,,,0.0005230000000022716,4f53cda18c2baa0c0354bb5f9a3ecbe5ed12ab4d8e11ba873c2f11161202b945,,,,,,,5,,,,24160,100,,,,,,,,,,,,,,blank_completion,,0,cpu,,,5,,,candidate,0.00022099993657320738,,
,,,,,,,0.0005689999999919371,4f53cda18c2baa0c0354bb5f9a3ecbe5ed12ab4d8e11ba873c2f11161202b945,,,,,,,6,,,,24160,100,,,,,,,,,,,,,,blank_completion,,0,cpu,,,6,,,candidate,0.000267999894276727,,
,,,,,,,0.0005159999999920784,4f53cda18c2baa0c0354bb5f9a3ecbe5ed12ab4d8e11ba873c2f11161202b945,,,,,,,7,,,,24160,100,,,,,,,,,,,,,,blank_completion,,0,cpu,,,7,,,candidate,0.00021599953470285982,,
,,,,,,,0.0005099999999952365,4f53cda18c2baa0c0354bb5f9a3ecbe5ed12ab4d8e11ba873c2f11161202b945,,,,,,,8,,,,24160,100,,,,,,,,,,,,,,blank_completion,,0,cpu,,,8,,,candidate,0.0002130000211764127,,
,,,,,,,0.8243210000000029,b9166f784d01e36cc12068f9cb4299d33e92833eee4450cd210dea67be5fc22e,,,,,,,0,,,,25440,1000,,,,,,,,,,,,,,routine_completion,,50,cpu,,,0,,,candidate,0.8339999994859681,,
,,,,,,,0.8090050000000015,b9166f784d01e36cc12068f9cb4299d33e92833eee4450cd210dea67be5fc22e,,,,,,,1,,,,25440,1000,,,,,,,,,,,,,,routine_completion,,50,cpu,,,1,,,candidate,0.8119800004351418,,
,,,,,,,0.8181750000000043,b9166f784d01e36cc12068f9cb4299d33e92833eee4450cd210dea67be5fc22e,,,,,,,2,,,,25440,1000,,,,,,,,,,,,,,routine_completion,,50,cpu,,,2,,,candidate,0.8204849991670926,,
,,,,,,,0.7997439999999911,b9166f784d01e36cc12068f9cb4299d33e92833eee4450cd210dea67be5fc22e,,,,,,,3,,,,25440,1000,,,,,,,,,,,,,,routine_completion,,50,cpu,,,3,,,candidate,0.8030110002437141,,
,,,,,,,0.8016210000000024,b9166f784d01e36cc12068f9cb4299d33e92833eee4450cd210dea67be5fc22e,,,,,,,4,,,,25440,1000,,,,,,,,,,,,,,routine_completion,,50,cpu,,,4,,,candidate,0.800871000137704,,
,,,,,,,0.7969289999999879,b9166f784d01e36cc12068f9cb4299d33e92833eee4450cd210dea67be5fc22e,,,,,,,5,,,,25440,1000,,,,,,,,,,,,,,routine_completion,,50,cpu,,,5,,,candidate,0.8053989995460142,,
,,,,,,,0.7922060000000036,b9166f784d01e36cc12068f9cb4299d33e92833eee4450cd210dea67be5fc22e,,,,,,,6,,,,25440,1000,,,,,,,,,,,,,,routine_completion,,50,cpu,,,6,,,candidate,0.7955729997775052,,
,,,,,,,0.7906500000000038,b9166f784d01e36cc12068f9cb4299d33e92833eee4450cd210dea67be5fc22e,,,,,,,7,,,,25440,1000,,,,,,,,,,,,,,routine_completion,,50,cpu,,,7,,,candidate,0.7927680007924209,,
,,,,,,,0.7785720000000051,b9166f784d01e36cc12068f9cb4299d33e92833eee4450cd210dea67be5fc22e,,,,,,,8,,,,25440,1000,,,,,,,,,,,,,,routine_completion,,50,cpu,,,8,,,candidate,0.7800209996275953,,
,,,,,,,1.609368,49cbaaf853455d07fa17c12f09038071476fa7d95069b43ce0cbdf0bc74dc9a8,,,,,,,0,,,,25440,1000,,,,,,,,,,,,,,table_completion,,50,cpu,,,0,,,candidate,1.623186999495374,,
,,,,,,,1.5827299999999904,49cbaaf853455d07fa17c12f09038071476fa7d95069b43ce0cbdf0bc74dc9a8,,,,,,,1,,,,25440,1000,,,,,,,,,,,,,,table_completion,,50,cpu,,,1,,,candidate,1.5895499991529505,,
,,,,,,,1.6069099999999892,49cbaaf853455d07fa17c12f09038071476fa7d95069b43ce0cbdf0bc74dc9a8,,,,,,,2,,,,25440,1000,,,,,,,,,,,,,,table_completion,,50,cpu,,,2,,,candidate,1.6082669999377686,,
,,,,,,,1.6094140000000035,49cbaaf853455d07fa17c12f09038071476fa7d95069b43ce0cbdf0bc74dc9a8,,,,,,,3,,,,25440,1000,,,,,,,,,,,,,,table_completion,,50,cpu,,,3,,,candidate,1.6145150002557784,,
,,,,,,,1.6261340000000013,49cbaaf853455d07fa17c12f09038071476fa7d95069b43ce0cbdf0bc74dc9a8,,,,,,,4,,,,25440,1000,,,,,,,,,,,,,,table_completion,,50,cpu,,,4,,,candidate,1.6284220000670757,,
,,,,,,,1.6140150000000104,49cbaaf853455d07fa17c12f09038071476fa7d95069b43ce0cbdf0bc74dc9a8,,,,,,,5,,,,25440,1000,,,,,,,,,,,,,,table_completion,,50,cpu,,,5,,,candidate,1.6208560000450234,,
,,,,,,,1.625720000000011,49cbaaf853455d07fa17c12f09038071476fa7d95069b43ce0cbdf0bc74dc9a8,,,,,,,6,,,,25440,1000,,,,,,,,,,,,,,table_completion,,50,cpu,,,6,,,candidate,1.6318219995810068,,
,,,,,,,1.6149189999999924,49cbaaf853455d07fa17c12f09038071476fa7d95069b43ce0cbdf0bc74dc9a8,,,,,,,7,,,,25440,1000,,,,,,,,,,,,,,table_completion,,50,cpu,,,7,,,candidate,1.6202229999180418,,
,,,,,,,1.6149679999999944,49cbaaf853455d07fa17c12f09038071476fa7d95069b43ce0cbdf0bc74dc9a8,,,,,,,8,,,,25440,1000,,,,,,,,,,,,,,table_completion,,50,cpu,,,8,,,candidate,1.6193009996641194,,
,,,,,,,0.6614169999999975,180f0262a9e4bb31ef544f794265fa407839c7f3a63f5a0c1907bd8d51e54984,,,,,,,0,,,,25440,1000,,,,,,,,,,,,,,unrelated_completion,,50,cpu,,,0,,,candidate,0.6600910000997828,,
,,,,,,,0.6545689999999937,180f0262a9e4bb31ef544f794265fa407839c7f3a63f5a0c1907bd8d51e54984,,,,,,,1,,,,25440,1000,,,,,,,,,,,,,,unrelated_completion,,50,cpu,,,1,,,candidate,0.6563070000993321,,
,,,,,,,0.6573549999999984,180f0262a9e4bb31ef544f794265fa407839c7f3a63f5a0c1907bd8d51e54984,,,,,,,2,,,,25440,1000,,,,,,,,,,,,,,unrelated_completion,,50,cpu,,,2,,,candidate,0.6653609998465981,,
,,,,,,,0.6499660000000018,180f0262a9e4bb31ef544f794265fa407839c7f3a63f5a0c1907bd8d51e54984,,,,,,,3,,,,25440,1000,,,,,,,,,,,,,,unrelated_completion,,50,cpu,,,3,,,candidate,0.6521320001411368,,
,,,,,,,0.6592660000000056,180f0262a9e4bb31ef544f794265fa407839c7f3a63f5a0c1907bd8d51e54984,,,,,,,4,,,,25440,1000,,,,,,,,,,,,,,unrelated_completion,,50,cpu,,,4,,,candidate,0.6584960001418949,,
,,,,,,,0.6438070000000101,180f0262a9e4bb31ef544f794265fa407839c7f3a63f5a0c1907bd8d51e54984,,,,,,,5,,,,25440,1000,,,,,,,,,,,,,,unrelated_completion,,50,cpu,,,5,,,candidate,0.6466730001193355,,
,,,,,,,0.6393229999999972,180f0262a9e4bb31ef544f794265fa407839c7f3a63f5a0c1907bd8d51e54984,,,,,,,6,,,,25440,1000,,,,,,,,,,,,,,unrelated_completion,,50,cpu,,,6,,,candidate,0.6409369998436887,,
,,,,,,,0.6489679999999998,180f0262a9e4bb31ef544f794265fa407839c7f3a63f5a0c1907bd8d51e54984,,,,,,,7,,,,25440,1000,,,,,,,,,,,,,,unrelated_completion,,50,cpu,,,7,,,candidate,0.6480559995907242,,
,,,,,,,0.6603190000000064,180f0262a9e4bb31ef544f794265fa407839c7f3a63f5a0c1907bd8d51e54984,,,,,,,8,,,,25440,1000,,,,,,,,,,,,,,unrelated_completion,,50,cpu,,,8,,,candidate,0.6625239993809373,,
,,,,,,,0.0009350000000074576,4f53cda18c2baa0c0354bb5f9a3ecbe5ed12ab4d8e11ba873c2f11161202b945,,,,,,,0,,,,25440,1000,,,,,,,,,,,,,,blank_completion,,0,cpu,,,0,,,candidate,0.000553999598196242,,
,,,,,,,0.0008279999999943888,4f53cda18c2baa0c0354bb5f9a3ecbe5ed12ab4d8e11ba873c2f11161202b945,,,,,,,1,,,,25440,1000,,,,,,,,,,,,,,blank_completion,,0,cpu,,,1,,,candidate,0.000449000253865961,,
,,,,,,,0.0005450000000045696,4f53cda18c2baa0c0354bb5f9a3ecbe5ed12ab4d8e11ba873c2f11161202b945,,,,,,,2,,,,25440,1000,,,,,,,,,,,,,,blank_completion,,0,cpu,,,2,,,candidate,0.00023499978851759806,,
,,,,,,,0.000554999999999306,4f53cda18c2baa0c0354bb5f9a3ecbe5ed12ab4d8e11ba873c2f11161202b945,,,,,,,3,,,,25440,1000,,,,,,,,,,,,,,blank_completion,,0,cpu,,,3,,,candidate,0.0002569995558587834,,
,,,,,,,0.000554999999999306,4f53cda18c2baa0c0354bb5f9a3ecbe5ed12ab4d8e11ba873c2f11161202b945,,,,,,,4,,,,25440,1000,,,,,,,,,,,,,,blank_completion,,0,cpu,,,4,,,candidate,0.00023400025384034961,,
,,,,,,,0.0005530000000003588,4f53cda18c2baa0c0354bb5f9a3ecbe5ed12ab4d8e11ba873c2f11161202b945,,,,,,,5,,,,25440,1000,,,,,,,,,,,,,,blank_completion,,0,cpu,,,5,,,candidate,0.0002389997462159954,,
,,,,,,,0.0006709999999937599,4f53cda18c2baa0c0354bb5f9a3ecbe5ed12ab4d8e11ba873c2f11161202b945,,,,,,,6,,,,25440,1000,,,,,,,,,,,,,,blank_completion,,0,cpu,,,6,,,candidate,0.0002830001903930679,,
,,,,,,,0.000783000000004197,4f53cda18c2baa0c0354bb5f9a3ecbe5ed12ab4d8e11ba873c2f11161202b945,,,,,,,7,,,,25440,1000,,,,,,,,,,,,,,blank_completion,,0,cpu,,,7,,,candidate,0.0002439992385916412,,
,,,,,,,0.0005379999999943763,4f53cda18c2baa0c0354bb5f9a3ecbe5ed12ab4d8e11ba873c2f11161202b945,,,,,,,8,,,,25440,1000,,,,,,,,,,,,,,blank_completion,,0,cpu,,,8,,,candidate,0.00022600033844355494,,
,,,,,,,5.543461999999999,b9166f784d01e36cc12068f9cb4299d33e92833eee4450cd210dea67be5fc22e,,,,,,,0,,,,32264,5000,,,,,,,,,,,,,,routine_completion,,50,cpu,,,0,,,candidate,5.568603000028816,,
,,,,,,,5.611037,b9166f784d01e36cc12068f9cb4299d33e92833eee4450cd210dea67be5fc22e,,,,,,,1,,,,32356,5000,,,,,,,,,,,,,,routine_completion,,50,cpu,,,1,,,candidate,5.631747000734322,,
,,,,,,,6.13713099999999,b9166f784d01e36cc12068f9cb4299d33e92833eee4450cd210dea67be5fc22e,,,,,,,2,,,,32356,5000,,,,,,,,,,,,,,routine_completion,,50,cpu,,,2,,,candidate,6.466331999945396,,
,,,,,,,5.539058999999985,b9166f784d01e36cc12068f9cb4299d33e92833eee4450cd210dea67be5fc22e,,,,,,,3,,,,32356,5000,,,,,,,,,,,,,,routine_completion,,50,cpu,,,3,,,candidate,5.614085999695817,,
,,,,,,,5.654732999999995,b9166f784d01e36cc12068f9cb4299d33e92833eee4450cd210dea67be5fc22e,,,,,,,4,,,,32356,5000,,,,,,,,,,,,,,routine_completion,,50,cpu,,,4,,,candidate,5.687279999619932,,
,,,,,,,5.577606000000013,b9166f784d01e36cc12068f9cb4299d33e92833eee4450cd210dea67be5fc22e,,,,,,,5,,,,32356,5000,,,,,,,,,,,,,,routine_completion,,50,cpu,,,5,,,candidate,5.62616600018373,,
,,,,,,,5.592268000000011,b9166f784d01e36cc12068f9cb4299d33e92833eee4450cd210dea67be5fc22e,,,,,,,6,,,,32356,5000,,,,,,,,,,,,,,routine_completion,,50,cpu,,,6,,,candidate,5.6222080002044095,,
,,,,,,,5.887521999999978,b9166f784d01e36cc12068f9cb4299d33e92833eee4450cd210dea67be5fc22e,,,,,,,7,,,,32356,5000,,,,,,,,,,,,,,routine_completion,,50,cpu,,,7,,,candidate,5.9249400001135655,,
,,,,,,,5.527957,b9166f784d01e36cc12068f9cb4299d33e92833eee4450cd210dea67be5fc22e,,,,,,,8,,,,32356,5000,,,,,,,,,,,,,,routine_completion,,50,cpu,,,8,,,candidate,5.555169999752252,,
,,,,,,,8.771314000000002,49cbaaf853455d07fa17c12f09038071476fa7d95069b43ce0cbdf0bc74dc9a8,,,,,,,0,,,,32356,5000,,,,,,,,,,,,,,table_completion,,50,cpu,,,0,,,candidate,8.795855000244046,,
,,,,,,,8.432198000000001,49cbaaf853455d07fa17c12f09038071476fa7d95069b43ce0cbdf0bc74dc9a8,,,,,,,1,,,,32356,5000,,,,,,,,,,,,,,table_completion,,50,cpu,,,1,,,candidate,8.478585999910138,,
,,,,,,,8.695994000000013,49cbaaf853455d07fa17c12f09038071476fa7d95069b43ce0cbdf0bc74dc9a8,,,,,,,2,,,,32356,5000,,,,,,,,,,,,,,table_completion,,50,cpu,,,2,,,candidate,8.730448000278557,,
,,,,,,,8.758038999999995,49cbaaf853455d07fa17c12f09038071476fa7d95069b43ce0cbdf0bc74dc9a8,,,,,,,3,,,,32356,5000,,,,,,,,,,,,,,table_completion,,50,cpu,,,3,,,candidate,8.78803199975664,,
,,,,,,,8.655928000000007,49cbaaf853455d07fa17c12f09038071476fa7d95069b43ce0cbdf0bc74dc9a8,,,,,,,4,,,,32356,5000,,,,,,,,,,,,,,table_completion,,50,cpu,,,4,,,candidate,8.680679000462987,,
,,,,,,,8.595374999999988,49cbaaf853455d07fa17c12f09038071476fa7d95069b43ce0cbdf0bc74dc9a8,,,,,,,5,,,,32356,5000,,,,,,,,,,,,,,table_completion,,50,cpu,,,5,,,candidate,8.629121000012674,,
,,,,,,,8.590711,49cbaaf853455d07fa17c12f09038071476fa7d95069b43ce0cbdf0bc74dc9a8,,,,,,,6,,,,32356,5000,,,,,,,,,,,,,,table_completion,,50,cpu,,,6,,,candidate,8.632701000351517,,
,,,,,,,8.495664000000014,49cbaaf853455d07fa17c12f09038071476fa7d95069b43ce0cbdf0bc74dc9a8,,,,,,,7,,,,32356,5000,,,,,,,,,,,,,,table_completion,,50,cpu,,,7,,,candidate,8.524515000317479,,
,,,,,,,8.723395999999967,49cbaaf853455d07fa17c12f09038071476fa7d95069b43ce0cbdf0bc74dc9a8,,,,,,,8,,,,32356,5000,,,,,,,,,,,,,,table_completion,,50,cpu,,,8,,,candidate,8.752996999646712,,
,,,,,,,3.235739999999987,180f0262a9e4bb31ef544f794265fa407839c7f3a63f5a0c1907bd8d51e54984,,,,,,,0,,,,32356,5000,,,,,,,,,,,,,,unrelated_completion,,50,cpu,,,0,,,candidate,3.2541560003664927,,
,,,,,,,6.689730000000004,180f0262a9e4bb31ef544f794265fa407839c7f3a63f5a0c1907bd8d51e54984,,,,,,,1,,,,32356,5000,,,,,,,,,,,,,,unrelated_completion,,50,cpu,,,1,,,candidate,6.725508999807062,,
,,,,,,,3.3861820000000153,180f0262a9e4bb31ef544f794265fa407839c7f3a63f5a0c1907bd8d51e54984,,,,,,,2,,,,32356,5000,,,,,,,,,,,,,,unrelated_completion,,50,cpu,,,2,,,candidate,3.4037879995594267,,
,,,,,,,3.2054460000000007,180f0262a9e4bb31ef544f794265fa407839c7f3a63f5a0c1907bd8d51e54984,,,,,,,3,,,,32356,5000,,,,,,,,,,,,,,unrelated_completion,,50,cpu,,,3,,,candidate,3.2200629993894836,,
,,,,,,,3.399222000000035,180f0262a9e4bb31ef544f794265fa407839c7f3a63f5a0c1907bd8d51e54984,,,,,,,4,,,,32356,5000,,,,,,,,,,,,,,unrelated_completion,,50,cpu,,,4,,,candidate,3.442692000135139,,
,,,,,,,3.4204369999999984,180f0262a9e4bb31ef544f794265fa407839c7f3a63f5a0c1907bd8d51e54984,,,,,,,5,,,,32356,5000,,,,,,,,,,,,,,unrelated_completion,,50,cpu,,,5,,,candidate,3.4401430002617417,,
,,,,,,,3.2318029999999776,180f0262a9e4bb31ef544f794265fa407839c7f3a63f5a0c1907bd8d51e54984,,,,,,,6,,,,32356,5000,,,,,,,,,,,,,,unrelated_completion,,50,cpu,,,6,,,candidate,3.2549329998801113,,
,,,,,,,3.4050869999999733,180f0262a9e4bb31ef544f794265fa407839c7f3a63f5a0c1907bd8d51e54984,,,,,,,7,,,,32356,5000,,,,,,,,,,,,,,unrelated_completion,,50,cpu,,,7,,,candidate,3.4844309993786737,,
,,,,,,,3.202694000000006,180f0262a9e4bb31ef544f794265fa407839c7f3a63f5a0c1907bd8d51e54984,,,,,,,8,,,,32356,5000,,,,,,,,,,,,,,unrelated_completion,,50,cpu,,,8,,,candidate,3.2509100001334446,,
,,,,,,,0.0012140000000271378,4f53cda18c2baa0c0354bb5f9a3ecbe5ed12ab4d8e11ba873c2f11161202b945,,,,,,,0,,,,32356,5000,,,,,,,,,,,,,,blank_completion,,0,cpu,,,0,,,candidate,0.0006849995770608075,,
,,,,,,,0.0008459999999987922,4f53cda18c2baa0c0354bb5f9a3ecbe5ed12ab4d8e11ba873c2f11161202b945,,,,,,,1,,,,32356,5000,,,,,,,,,,,,,,blank_completion,,0,cpu,,,1,,,candidate,0.00040200029616244137,,
,,,,,,,0.0007039999999625124,4f53cda18c2baa0c0354bb5f9a3ecbe5ed12ab4d8e11ba873c2f11161202b945,,,,,,,2,,,,32356,5000,,,,,,,,,,,,,,blank_completion,,0,cpu,,,2,,,candidate,0.0003209997885278426,,
,,,,,,,0.0006780000000317088,4f53cda18c2baa0c0354bb5f9a3ecbe5ed12ab4d8e11ba873c2f11161202b945,,,,,,,3,,,,32356,5000,,,,,,,,,,,,,,blank_completion,,0,cpu,,,3,,,candidate,0.000285999703919515,,
,,,,,,,0.000570999999949251,4f53cda18c2baa0c0354bb5f9a3ecbe5ed12ab4d8e11ba873c2f11161202b945,,,,,,,4,,,,32356,5000,,,,,,,,,,,,,,blank_completion,,0,cpu,,,4,,,candidate,0.0002449996827635914,,
,,,,,,,0.000673000000006585,4f53cda18c2baa0c0354bb5f9a3ecbe5ed12ab4d8e11ba873c2f11161202b945,,,,,,,5,,,,32356,5000,,,,,,,,,,,,,,blank_completion,,0,cpu,,,5,,,candidate,0.0004200001058052294,,
,,,,,,,0.000583000000053957,4f53cda18c2baa0c0354bb5f9a3ecbe5ed12ab4d8e11ba873c2f11161202b945,,,,,,,6,,,,32356,5000,,,,,,,,,,,,,,blank_completion,,0,cpu,,,6,,,candidate,0.0002570004653534852,,
,,,,,,,0.0006000000000172534,4f53cda18c2baa0c0354bb5f9a3ecbe5ed12ab4d8e11ba873c2f11161202b945,,,,,,,7,,,,32356,5000,,,,,,,,,,,,,,blank_completion,,0,cpu,,,7,,,candidate,0.00028700014809146523,,
,,,,,,,0.0023189999999728705,4f53cda18c2baa0c0354bb5f9a3ecbe5ed12ab4d8e11ba873c2f11161202b945,,,,,,,8,,,,32356,5000,,,,,,,,,,,,,,blank_completion,,0,cpu,,,8,,,candidate,0.00024400014808634296,,
,,,,1.9496830000000076,,80,,,,,,,mariadb:11,sha256:ffd3e6e3af27dfb3fa12eb467205d9fafab29fa1c180ade7fc458aa063bfa73b,0,,,,49088,,,0.0,,,,,,mariadb,,,,,5800,metadata_one_query_per_table,,,network,20,,0,,4140,baseline,13.627903999804403,,
,,,,126.34906699999998,,,,,,,,,mariadb:11,sha256:ffd3e6e3af27dfb3fa12eb467205d9fafab29fa1c180ade7fc458aa063bfa73b,0,,,,60360,,,0.0,,,,,,mariadb,,,,1000,13439025,buffered_cap_1000,,,network,,,0,True,39,baseline,141.5187889997469,,
,,,,2.959051999999962,,80,,,,,,,mariadb:11,sha256:ffd3e6e3af27dfb3fa12eb467205d9fafab29fa1c180ade7fc458aa063bfa73b,0,,,,60360,,,0.0,,,,,,mariadb,,,,,2399,metadata_batch,,,network,20,,0,,226,baseline,4.290977999517054,,
,,,,0.15410700000001443,,,,,,,,,mariadb:11,sha256:ffd3e6e3af27dfb3fa12eb467205d9fafab29fa1c180ade7fc458aa063bfa73b,0,,,,60360,,,0.0,,,,,,mariadb,,,,,56,reuse_query,,,network,,,0,,13,baseline,0.6592699992324924,,
,,,,2.5832750000000515,,,,,,,,,mariadb:11,sha256:ffd3e6e3af27dfb3fa12eb467205d9fafab29fa1c180ade7fc458aa063bfa73b,0,,,,60360,,,0.0,,,,,,mariadb,,,,1000,267292,server_limit_1001,,,network,,,0,True,50,baseline,3.608426999562653,,
,,,,66.42030799999998,,,,,3.5654929997690488,1637817,,,mariadb:11,sha256:ffd3e6e3af27dfb3fa12eb467205d9fafab29fa1c180ade7fc458aa063bfa73b,0,,,,60360,,,0.0,,,,,,mariadb,,,,1000,13439081,stream_fetch_cleanup,,,network,,,0,True,52,baseline,69.02726699991035,,
,,,,0.5061639999999756,,,,,,,,,mariadb:11,sha256:ffd3e6e3af27dfb3fa12eb467205d9fafab29fa1c180ade7fc458aa063bfa73b,0,,,,60360,,,0.0,,,,,,mariadb,,,,,408,connect_query_close,,,network,,,0,,240,baseline,2.4647770005685743,,
,,,,1.978731999999983,,80,,,,,,,mariadb:11,sha256:ffd3e6e3af27dfb3fa12eb467205d9fafab29fa1c180ade7fc458aa063bfa73b,0,,,,60360,,,0.0,,,,,,mariadb,,,,,7360,metadata_per_table,,,network,20,,0,,5960,baseline,12.326801000199339,,
,,,,118.30629000000003,,,,,,,,,mariadb:11,sha256:ffd3e6e3af27dfb3fa12eb467205d9fafab29fa1c180ade7fc458aa063bfa73b,1,,,,60360,,,0.0,,,,,,mariadb,,,,1000,13439025,buffered_cap_1000,,,network,,,1,True,39,baseline,120.43380999966757,,
,,,,0.5335229999999802,,,,,,,,,mariadb:11,sha256:ffd3e6e3af27dfb3fa12eb467205d9fafab29fa1c180ade7fc458aa063bfa73b,1,,,,60360,,,0.0,,,,,,mariadb,,,,,408,connect_query_close,,,network,,,1,,240,baseline,1.9498960000419174,,
,,,,2.691308000000059,,80,,,,,,,mariadb:11,sha256:ffd3e6e3af27dfb3fa12eb467205d9fafab29fa1c180ade7fc458aa063bfa73b,1,,,,60360,,,0.0,,,,,,mariadb,,,,,2399,metadata_batch,,,network,20,,1,,226,baseline,4.102785000213771,,
,,,,67.5716099999999,,,,,4.847786000027554,1900544,,,mariadb:11,sha256:ffd3e6e3af27dfb3fa12eb467205d9fafab29fa1c180ade7fc458aa063bfa73b,1,,,,60360,,,0.0,,,,,,mariadb,,,,1000,13439081,stream_fetch_cleanup,,,network,,,1,True,52,baseline,74.24050700046791,,
,,,,4.8256939999999915,,80,,,,,,,mariadb:11,sha256:ffd3e6e3af27dfb3fa12eb467205d9fafab29fa1c180ade7fc458aa063bfa73b,1,,,,60360,,,0.0,,,,,,mariadb,,,,,7360,metadata_per_table,,,network,20,,1,,5960,baseline,32.90739600015513,,
,,,,3.148834999999961,,80,,,,,,,mariadb:11,sha256:ffd3e6e3af27dfb3fa12eb467205d9fafab29fa1c180ade7fc458aa063bfa73b,1,,,,60360,,,0.0,,,,,,mariadb,,,,,5800,metadata_one_query_per_table,,,network,20,,1,,4140,baseline,22.93482999994012,,
,,,,2.727785000000038,,,,,,,,,mariadb:11,sha256:ffd3e6e3af27dfb3fa12eb467205d9fafab29fa1c180ade7fc458aa063bfa73b,1,,,,60360,,,0.0,,,,,,mariadb,,,,1000,267292,server_limit_1001,,,network,,,1,True,50,baseline,5.409308999333007,,
,,,,0.2067259999999349,,,,,,,,,mariadb:11,sha256:ffd3e6e3af27dfb3fa12eb467205d9fafab29fa1c180ade7fc458aa063bfa73b,1,,,,60360,,,0.0,,,,,,mariadb,,,,,56,reuse_query,,,network,,,1,,13,baseline,0.7161439998526475,,
,,,,3.9027289999999937,,80,,,,,,,mariadb:11,sha256:ffd3e6e3af27dfb3fa12eb467205d9fafab29fa1c180ade7fc458aa063bfa73b,2,,,,60360,,,0.0,,,,,,mariadb,,,,,7360,metadata_per_table,,,network,20,,2,,5960,baseline,24.390214000050037,,
,,,,2.612896000000031,,80,,,,,,,mariadb:11,sha256:ffd3e6e3af27dfb3fa12eb467205d9fafab29fa1c180ade7fc458aa063bfa73b,2,,,,60360,,,0.0,,,,,,mariadb,,,,,5800,metadata_one_query_per_table,,,network,20,,2,,4140,baseline,16.78285300022253,,
,,,,0.15505900000001294,,,,,,,,,mariadb:11,sha256:ffd3e6e3af27dfb3fa12eb467205d9fafab29fa1c180ade7fc458aa063bfa73b,2,,,,60360,,,0.0,,,,,,mariadb,,,,,56,reuse_query,,,network,,,2,,13,baseline,0.49805600065155886,,
,,,,0.39757700000009333,,80,,,,,,,mariadb:11,sha256:ffd3e6e3af27dfb3fa12eb467205d9fafab29fa1c180ade7fc458aa063bfa73b,2,,,,60360,,,0.0,,,,,,mariadb,,,,,2399,metadata_batch,,,network,20,,2,,226,baseline,1.4965829996071989,,
,,,,72.34359199999996,,,,,3.852040000310808,3375104,,,mariadb:11,sha256:ffd3e6e3af27dfb3fa12eb467205d9fafab29fa1c180ade7fc458aa063bfa73b,2,,,,60360,,,0.0,,,,,,mariadb,,,,1000,13439081,stream_fetch_cleanup,,,network,,,2,True,52,baseline,83.20673299931514,,
,,,,3.0581100000000028,,,,,,,,,mariadb:11,sha256:ffd3e6e3af27dfb3fa12eb467205d9fafab29fa1c180ade7fc458aa063bfa73b,2,,,,60360,,,0.0,,,,,,mariadb,,,,1000,267292,server_limit_1001,,,network,,,2,True,50,baseline,4.470584000046074,,
,,,,133.83339100000003,,,,,,,,,mariadb:11,sha256:ffd3e6e3af27dfb3fa12eb467205d9fafab29fa1c180ade7fc458aa063bfa73b,2,,,,60360,,,0.0,,,,,,mariadb,,,,1000,13439025,buffered_cap_1000,,,network,,,2,True,39,baseline,144.94640000066283,,
,,,,0.5141250000000319,,,,,,,,,mariadb:11,sha256:ffd3e6e3af27dfb3fa12eb467205d9fafab29fa1c180ade7fc458aa063bfa73b,2,,,,60360,,,0.0,,,,,,mariadb,,,,,408,connect_query_close,,,network,,,2,,240,baseline,2.057736999631743,,
,,,,123.88103100000004,,,,,,,,,mariadb:11,sha256:ffd3e6e3af27dfb3fa12eb467205d9fafab29fa1c180ade7fc458aa063bfa73b,3,,,,60360,,,0.0,,,,,,mariadb,,,,1000,13439025,buffered_cap_1000,,,network,,,3,True,39,baseline,125.88558000061312,,
,,,,2.5338150000000503,,80,,,,,,,mariadb:11,sha256:ffd3e6e3af27dfb3fa12eb467205d9fafab29fa1c180ade7fc458aa063bfa73b,3,,,,60360,,,0.0,,,,,,mariadb,,,,,2399,metadata_batch,,,network,20,,3,,226,baseline,3.9459030003854423,,
,,,,1.4643699999999926,,80,,,,,,,mariadb:11,sha256:ffd3e6e3af27dfb3fa12eb467205d9fafab29fa1c180ade7fc458aa063bfa73b,3,,,,60360,,,0.0,,,,,,mariadb,,,,,5800,metadata_one_query_per_table,,,network,20,,3,,4140,baseline,10.39620399933483,,
,,,,0.657169000000013,,,,,,,,,mariadb:11,sha256:ffd3e6e3af27dfb3fa12eb467205d9fafab29fa1c180ade7fc458aa063bfa73b,3,,,,60360,,,0.0,,,,,,mariadb,,,,,408,connect_query_close,,,network,,,3,,240,baseline,2.0848439999099355,,
,,,,0.14622699999999877,,,,,,,,,mariadb:11,sha256:ffd3e6e3af27dfb3fa12eb467205d9fafab29fa1c180ade7fc458aa063bfa73b,3,,,,60360,,,0.0,,,,,,mariadb,,,,,56,reuse_query,,,network,,,3,,13,baseline,0.5281230005493853,,
,,,,2.7305699999998767,,,,,,,,,mariadb:11,sha256:ffd3e6e3af27dfb3fa12eb467205d9fafab29fa1c180ade7fc458aa063bfa73b,3,,,,60360,,,0.0,,,,,,mariadb,,,,1000,267292,server_limit_1001,,,network,,,3,True,50,baseline,3.3130500005427166,,
,,,,2.8090509999998403,,80,,,,,,,mariadb:11,sha256:ffd3e6e3af27dfb3fa12eb467205d9fafab29fa1c180ade7fc458aa063bfa73b,3,,,,60360,,,0.0,,,,,,mariadb,,,,,7360,metadata_per_table,,,network,20,,3,,5960,baseline,17.48068099914235,,
,,,,66.763162,,,,,5.055120999713836,2162688,,,mariadb:11,sha256:ffd3e6e3af27dfb3fa12eb467205d9fafab29fa1c180ade7fc458aa063bfa73b,3,,,,60360,,,0.0,,,,,,mariadb,,,,1000,13439081,stream_fetch_cleanup,,,network,,,3,True,52,baseline,70.55669200053671,,
,,,,60.39131499999995,,,,,3.6164780003673513,393216,,,mariadb:11,sha256:ffd3e6e3af27dfb3fa12eb467205d9fafab29fa1c180ade7fc458aa063bfa73b,4,,,,60360,,,0.0,,,,,,mariadb,,,,1000,13439081,stream_fetch_cleanup,,,network,,,4,True,52,baseline,63.00486100008129,,
,,,,1.761012999999867,,80,,,,,,,mariadb:11,sha256:ffd3e6e3af27dfb3fa12eb467205d9fafab29fa1c180ade7fc458aa063bfa73b,4,,,,60360,,,0.0,,,,,,mariadb,,,,,5800,metadata_one_query_per_table,,,network,20,,4,,4140,baseline,11.497858999973687,,
,,,,0.8072789999999941,,,,,,,,,mariadb:11,sha256:ffd3e6e3af27dfb3fa12eb467205d9fafab29fa1c180ade7fc458aa063bfa73b,4,,,,60360,,,0.0,,,,,,mariadb,,,,,408,connect_query_close,,,network,,,4,,240,baseline,2.638042999933532,,
,,,,3.1717030000000257,,80,,,,,,,mariadb:11,sha256:ffd3e6e3af27dfb3fa12eb467205d9fafab29fa1c180ade7fc458aa063bfa73b,4,,,,60360,,,0.0,,,,,,mariadb,,,,,7360,metadata_per_table,,,network,20,,4,,5960,baseline,19.1840460001913,,
,,,,117.89100799999997,,,,,,,,,mariadb:11,sha256:ffd3e6e3af27dfb3fa12eb467205d9fafab29fa1c180ade7fc458aa063bfa73b,4,,,,60360,,,0.0,,,,,,mariadb,,,,1000,13439025,buffered_cap_1000,,,network,,,4,True,39,baseline,120.23360500006675,,
,,,,2.5430349999999713,,80,,,,,,,mariadb:11,sha256:ffd3e6e3af27dfb3fa12eb467205d9fafab29fa1c180ade7fc458aa063bfa73b,4,,,,60360,,,0.0,,,,,,mariadb,,,,,2399,metadata_batch,,,network,20,,4,,226,baseline,3.947076999793353,,
,,,,2.3706910000000914,,,,,,,,,mariadb:11,sha256:ffd3e6e3af27dfb3fa12eb467205d9fafab29fa1c180ade7fc458aa063bfa73b,4,,,,60360,,,0.0,,,,,,mariadb,,,,1000,267292,server_limit_1001,,,network,,,4,True,50,baseline,3.2991960006256704,,
,,,,0.33315400000000217,,,,,,,,,mariadb:11,sha256:ffd3e6e3af27dfb3fa12eb467205d9fafab29fa1c180ade7fc458aa063bfa73b,4,,,,60360,,,0.0,,,,,,mariadb,,,,,56,reuse_query,,,network,,,4,,13,baseline,1.1612369999056682,,
,,,,1.6592599999998292,,80,,,,,,,mariadb:11,sha256:ffd3e6e3af27dfb3fa12eb467205d9fafab29fa1c180ade7fc458aa063bfa73b,5,,,,60360,,,0.0,,,,,,mariadb,,,,,5800,metadata_one_query_per_table,,,network,20,,5,,4140,baseline,9.911465000186581,,
,,,,2.7145060000000054,,80,,,,,,,mariadb:11,sha256:ffd3e6e3af27dfb3fa12eb467205d9fafab29fa1c180ade7fc458aa063bfa73b,5,,,,60360,,,0.0,,,,,,mariadb,,,,,7360,metadata_per_table,,,network,20,,5,,5960,baseline,16.471002999423945,,
,,,,2.8799820000000587,,,,,,,,,mariadb:11,sha256:ffd3e6e3af27dfb3fa12eb467205d9fafab29fa1c180ade7fc458aa063bfa73b,5,,,,60360,,,0.0,,,,,,mariadb,,,,1000,267292,server_limit_1001,,,network,,,5,True,50,baseline,4.691112000728026,,
,,,,66.65670299999982,,,,,4.860529000325187,2310144,,,mariadb:11,sha256:ffd3e6e3af27dfb3fa12eb467205d9fafab29fa1c180ade7fc458aa063bfa73b,5,,,,60360,,,0.0,,,,,,mariadb,,,,1000,13439081,stream_fetch_cleanup,,,network,,,5,True,52,baseline,70.99841499984905,,
,,,,0.36954899999996904,,80,,,,,,,mariadb:11,sha256:ffd3e6e3af27dfb3fa12eb467205d9fafab29fa1c180ade7fc458aa063bfa73b,5,,,,60360,,,0.0,,,,,,mariadb,,,,,2399,metadata_batch,,,network,20,,5,,226,baseline,1.676994000263221,,
,,,,109.4234300000001,,,,,,,,,mariadb:11,sha256:ffd3e6e3af27dfb3fa12eb467205d9fafab29fa1c180ade7fc458aa063bfa73b,5,,,,60436,,,0.0,,,,,,mariadb,,,,1000,13439025,buffered_cap_1000,,,network,,,5,True,39,baseline,117.19124800038117,,
,,,,2.2442940000000355,,,,,,,,,mariadb:11,sha256:ffd3e6e3af27dfb3fa12eb467205d9fafab29fa1c180ade7fc458aa063bfa73b,5,,,,60436,,,0.0,,,,,,mariadb,,,,,56,reuse_query,,,network,,,5,,13,baseline,2.822571000251628,,
,,,,0.48548299999984224,,,,,,,,,mariadb:11,sha256:ffd3e6e3af27dfb3fa12eb467205d9fafab29fa1c180ade7fc458aa063bfa73b,5,,,,60436,,,0.0,,,,,,mariadb,,,,,408,connect_query_close,,,network,,,5,,240,baseline,2.2445529994001845,,
,,,,3.0103139999999584,,,,,,,,,mariadb:11,sha256:ffd3e6e3af27dfb3fa12eb467205d9fafab29fa1c180ade7fc458aa063bfa73b,6,,,,60436,,,0.0,,,,,,mariadb,,,,1000,267292,server_limit_1001,,,network,,,6,True,50,baseline,3.7658719993487466,,
,,,,122.55977099999993,,,,,,,,,mariadb:11,sha256:ffd3e6e3af27dfb3fa12eb467205d9fafab29fa1c180ade7fc458aa063bfa73b,6,,,,60472,,,0.0,,,,,,mariadb,,,,1000,13439025,buffered_cap_1000,,,network,,,6,True,39,baseline,130.61709399971733,,
,,,,5.845110999999958,,80,,,,,,,mariadb:11,sha256:ffd3e6e3af27dfb3fa12eb467205d9fafab29fa1c180ade7fc458aa063bfa73b,6,,,,60472,,,0.0,,,,,,mariadb,,,,,7360,metadata_per_table,,,network,20,,6,,5960,baseline,33.2642270004726,,
,,,,0.20959899999994924,,,,,,,,,mariadb:11,sha256:ffd3e6e3af27dfb3fa12eb467205d9fafab29fa1c180ade7fc458aa063bfa73b,6,,,,60472,,,0.0,,,,,,mariadb,,,,,56,reuse_query,,,network,,,6,,13,baseline,0.7804249999026069,,
,,,,0.4642420000000591,,80,,,,,,,mariadb:11,sha256:ffd3e6e3af27dfb3fa12eb467205d9fafab29fa1c180ade7fc458aa063bfa73b,6,,,,60472,,,0.0,,,,,,mariadb,,,,,2399,metadata_batch,,,network,20,,6,,226,baseline,1.5432800000780844,,
,,,,64.123484,,,,,3.9663400002609706,1720320,,,mariadb:11,sha256:ffd3e6e3af27dfb3fa12eb467205d9fafab29fa1c180ade7fc458aa063bfa73b,6,,,,60472,,,0.0,,,,,,mariadb,,,,1000,13439081,stream_fetch_cleanup,,,network,,,6,True,52,baseline,66.71989400001621,,
,,,,0.6959680000000468,,,,,,,,,mariadb:11,sha256:ffd3e6e3af27dfb3fa12eb467205d9fafab29fa1c180ade7fc458aa063bfa73b,6,,,,60472,,,0.0,,,,,,mariadb,,,,,408,connect_query_close,,,network,,,6,,240,baseline,2.275363000080688,,
,,,,1.409186999999923,,80,,,,,,,mariadb:11,sha256:ffd3e6e3af27dfb3fa12eb467205d9fafab29fa1c180ade7fc458aa063bfa73b,6,,,,60472,,,0.0,,,,,,mariadb,,,,,5800,metadata_one_query_per_table,,,network,20,,6,,4140,baseline,10.623489999488811,,
,,,,0.6109290000000378,,,,,,,,,mariadb:11,sha256:ffd3e6e3af27dfb3fa12eb467205d9fafab29fa1c180ade7fc458aa063bfa73b,7,,,,60472,,,0.0,,,,,,mariadb,,,,,408,connect_query_close,,,network,,,7,,240,baseline,2.1202469997660955,,
,,,,109.51923699999999,,,,,,,,,mariadb:11,sha256:ffd3e6e3af27dfb3fa12eb467205d9fafab29fa1c180ade7fc458aa063bfa73b,7,,,,60504,,,0.0,,,,,,mariadb,,,,1000,13439025,buffered_cap_1000,,,network,,,7,True,39,baseline,111.26201099978061,,
,,,,2.2110950000000518,,80,,,,,,,mariadb:11,sha256:ffd3e6e3af27dfb3fa12eb467205d9fafab29fa1c180ade7fc458aa063bfa73b,7,,,,60504,,,0.0,,,,,,mariadb,,,,,2399,metadata_batch,,,network,20,,7,,226,baseline,3.458918999967864,,
,,,,0.1702999999999566,,,,,,,,,mariadb:11,sha256:ffd3e6e3af27dfb3fa12eb467205d9fafab29fa1c180ade7fc458aa063bfa73b,7,,,,60504,,,0.0,,,,,,mariadb,,,,,56,reuse_query,,,network,,,7,,13,baseline,0.5939929997111904,,
,,,,2.6445219999999825,,80,,,,,,,mariadb:11,sha256:ffd3e6e3af27dfb3fa12eb467205d9fafab29fa1c180ade7fc458aa063bfa73b,7,,,,60504,,,0.0,,,,,,mariadb,,,,,7360,metadata_per_table,,,network,20,,7,,5960,baseline,16.28640099988843,,
,,,,1.868589000000087,,80,,,,,,,mariadb:11,sha256:ffd3e6e3af27dfb3fa12eb467205d9fafab29fa1c180ade7fc458aa063bfa73b,7,,,,60504,,,0.0,,,,,,mariadb,,,,,5800,metadata_one_query_per_table,,,network,20,,7,,4140,baseline,11.697666000145546,,
,,,,2.989906000000042,,,,,,,,,mariadb:11,sha256:ffd3e6e3af27dfb3fa12eb467205d9fafab29fa1c180ade7fc458aa063bfa73b,7,,,,60504,,,0.0,,,,,,mariadb,,,,1000,267292,server_limit_1001,,,network,,,7,True,50,baseline,3.7437789997056825,,
,,,,60.34316999999989,,,,,5.5771970000932924,983040,,,mariadb:11,sha256:ffd3e6e3af27dfb3fa12eb467205d9fafab29fa1c180ade7fc458aa063bfa73b,7,,,,60504,,,0.0,,,,,,mariadb,,,,1000,13439081,stream_fetch_cleanup,,,network,,,7,True,52,baseline,64.30035900029907,,
,,,,106.65905699999989,,,,,,,,,mariadb:11,sha256:ffd3e6e3af27dfb3fa12eb467205d9fafab29fa1c180ade7fc458aa063bfa73b,8,,,,60508,,,0.0,,,,,,mariadb,,,,1000,13439025,buffered_cap_1000,,,network,,,8,True,39,baseline,107.79639300017152,,
,,,,3.861145999999982,,80,,,,,,,mariadb:11,sha256:ffd3e6e3af27dfb3fa12eb467205d9fafab29fa1c180ade7fc458aa063bfa73b,8,,,,60508,,,0.0,,,,,,mariadb,,,,,7360,metadata_per_table,,,network,20,,8,,5960,baseline,17.383624999638414,,
,,,,0.11943199999997489,,,,,,,,,mariadb:11,sha256:ffd3e6e3af27dfb3fa12eb467205d9fafab29fa1c180ade7fc458aa063bfa73b,8,,,,60508,,,0.0,,,,,,mariadb,,,,,56,reuse_query,,,network,,,8,,13,baseline,0.4534270001386176,,
,,,,0.439265000000022,,80,,,,,,,mariadb:11,sha256:ffd3e6e3af27dfb3fa12eb467205d9fafab29fa1c180ade7fc458aa063bfa73b,8,,,,60508,,,0.0,,,,,,mariadb,,,,,2399,metadata_batch,,,network,20,,8,,226,baseline,1.570178000292799,,
,,,,1.640766999999821,,80,,,,,,,mariadb:11,sha256:ffd3e6e3af27dfb3fa12eb467205d9fafab29fa1c180ade7fc458aa063bfa73b,8,,,,60508,,,0.0,,,,,,mariadb,,,,,5800,metadata_one_query_per_table,,,network,20,,8,,4140,baseline,11.466119000033359,,
,,,,71.32765199999969,,,,,3.651949000413879,2981888,,,mariadb:11,sha256:ffd3e6e3af27dfb3fa12eb467205d9fafab29fa1c180ade7fc458aa063bfa73b,8,,,,60508,,,0.0,,,,,,mariadb,,,,1000,13439081,stream_fetch_cleanup,,,network,,,8,True,52,baseline,75.21409800028778,,
,,,,0.6560010000002947,,,,,,,,,mariadb:11,sha256:ffd3e6e3af27dfb3fa12eb467205d9fafab29fa1c180ade7fc458aa063bfa73b,8,,,,60508,,,0.0,,,,,,mariadb,,,,,408,connect_query_close,,,network,,,8,,240,baseline,2.1079090001876466,,
,,,,3.248430000000191,,,,,,,,,mariadb:11,sha256:ffd3e6e3af27dfb3fa12eb467205d9fafab29fa1c180ade7fc458aa063bfa73b,8,,,,60508,,,0.0,,,,,,mariadb,,,,1000,267292,server_limit_1001,,,network,,,8,True,50,baseline,5.142331000570266,,
,,,,3.7366269999999924,,80,,,,,,,mariadb:11,sha256:ffd3e6e3af27dfb3fa12eb467205d9fafab29fa1c180ade7fc458aa063bfa73b,0,,,,49152,,,20.0,,,,,,mariadb,,,,,5800,metadata_one_query_per_table,,,network,20,,0,,4140,baseline,837.9680570005803,,
,,,,128.476802,,,,,,,,,mariadb:11,sha256:ffd3e6e3af27dfb3fa12eb467205d9fafab29fa1c180ade7fc458aa063bfa73b,0,,,,60208,,,20.0,,,,,,mariadb,,,,1000,13439025,buffered_cap_1000,,,network,,,0,True,39,baseline,181.68322800011083,,
,,,,2.7697179999999766,,80,,,,,,,mariadb:11,sha256:ffd3e6e3af27dfb3fa12eb467205d9fafab29fa1c180ade7fc458aa063bfa73b,0,,,,60208,,,20.0,,,,,,mariadb,,,,,2399,metadata_batch,,,network,20,,0,,226,baseline,44.57276500033913,,
,,,,0.2361479999999916,,,,,,,,,mariadb:11,sha256:ffd3e6e3af27dfb3fa12eb467205d9fafab29fa1c180ade7fc458aa063bfa73b,0,,,,60208,,,20.0,,,,,,mariadb,,,,,56,reuse_query,,,network,,,0,,13,baseline,41.206074000001536,,
,,,,3.171410000000041,,,,,,,,,mariadb:11,sha256:ffd3e6e3af27dfb3fa12eb467205d9fafab29fa1c180ade7fc458aa063bfa73b,0,,,,60208,,,20.0,,,,,,mariadb,,,,1000,267292,server_limit_1001,,,network,,,0,True,50,baseline,44.6657940001387,,
,,,,70.15616499999999,,,,,44.29374499977712,851968,,,mariadb:11,sha256:ffd3e6e3af27dfb3fa12eb467205d9fafab29fa1c180ade7fc458aa063bfa73b,0,,,,60208,,,20.0,,,,,,mariadb,,,,1000,13439081,stream_fetch_cleanup,,,network,,,0,True,52,baseline,159.84463699987828,,
,,,,1.1941309999999872,,,,,,,,,mariadb:11,sha256:ffd3e6e3af27dfb3fa12eb467205d9fafab29fa1c180ade7fc458aa063bfa73b,0,,,,60208,,,20.0,,,,,,mariadb,,,,,408,connect_query_close,,,network,,,0,,240,baseline,226.61456700006966,,
,,,,7.267326000000018,,80,,,,,,,mariadb:11,sha256:ffd3e6e3af27dfb3fa12eb467205d9fafab29fa1c180ade7fc458aa063bfa73b,0,,,,60208,,,20.0,,,,,,mariadb,,,,,7360,metadata_per_table,,,network,20,,0,,5960,baseline,1671.601176999502,,
,,,,106.48615100000004,,,,,,,,,mariadb:11,sha256:ffd3e6e3af27dfb3fa12eb467205d9fafab29fa1c180ade7fc458aa063bfa73b,1,,,,60208,,,20.0,,,,,,mariadb,,,,1000,13439025,buffered_cap_1000,,,network,,,1,True,39,baseline,149.91813699998602,,
,,,,1.0373849999999463,,,,,,,,,mariadb:11,sha256:ffd3e6e3af27dfb3fa12eb467205d9fafab29fa1c180ade7fc458aa063bfa73b,1,,,,60208,,,20.0,,,,,,mariadb,,,,,408,connect_query_close,,,network,,,1,,240,baseline,226.50888000043778,,
,,,,2.6655250000000574,,80,,,,,,,mariadb:11,sha256:ffd3e6e3af27dfb3fa12eb467205d9fafab29fa1c180ade7fc458aa063bfa73b,1,,,,60208,,,20.0,,,,,,mariadb,,,,,2399,metadata_batch,,,network,20,,1,,226,baseline,44.33585700007825,,
,,,,67.36376199999994,,,,,45.69071000059921,1015808,,,mariadb:11,sha256:ffd3e6e3af27dfb3fa12eb467205d9fafab29fa1c180ade7fc458aa063bfa73b,1,,,,60208,,,20.0,,,,,,mariadb,,,,1000,13439081,stream_fetch_cleanup,,,network,,,1,True,52,baseline,163.1946240004254,,
,,,,6.597524999999993,,80,,,,,,,mariadb:11,sha256:ffd3e6e3af27dfb3fa12eb467205d9fafab29fa1c180ade7fc458aa063bfa73b,1,,,,60208,,,20.0,,,,,,mariadb,,,,,7360,metadata_per_table,,,network,20,,1,,5960,baseline,1656.9875320001302,,
,,,,3.4179330000000396,,80,,,,,,,mariadb:11,sha256:ffd3e6e3af27dfb3fa12eb467205d9fafab29fa1c180ade7fc458aa063bfa73b,1,,,,60208,,,20.0,,,,,,mariadb,,,,,5800,metadata_one_query_per_table,,,network,20,,1,,4140,baseline,824.6928039998238,,
,,,,2.080729999999975,,,,,,,,,mariadb:11,sha256:ffd3e6e3af27dfb3fa12eb467205d9fafab29fa1c180ade7fc458aa063bfa73b,1,,,,60208,,,20.0,,,,,,mariadb,,,,1000,267292,server_limit_1001,,,network,,,1,True,50,baseline,43.13026399995579,,
,,,,0.2602160000000353,,,,,,,,,mariadb:11,sha256:ffd3e6e3af27dfb3fa12eb467205d9fafab29fa1c180ade7fc458aa063bfa73b,1,,,,60208,,,20.0,,,,,,mariadb,,,,,56,reuse_query,,,network,,,1,,13,baseline,41.185533000316354,,
,,,,7.889345999999908,,80,,,,,,,mariadb:11,sha256:ffd3e6e3af27dfb3fa12eb467205d9fafab29fa1c180ade7fc458aa063bfa73b,2,,,,60208,,,20.0,,,,,,mariadb,,,,,7360,metadata_per_table,,,network,20,,2,,5960,baseline,1662.2274390001621,,
,,,,4.675880000000077,,80,,,,,,,mariadb:11,sha256:ffd3e6e3af27dfb3fa12eb467205d9fafab29fa1c180ade7fc458aa063bfa73b,2,,,,60208,,,20.0,,,,,,mariadb,,,,,5800,metadata_one_query_per_table,,,network,20,,2,,4140,baseline,828.0446079998001,,
,,,,0.15750999999997184,,,,,,,,,mariadb:11,sha256:ffd3e6e3af27dfb3fa12eb467205d9fafab29fa1c180ade7fc458aa063bfa73b,2,,,,60208,,,20.0,,,,,,mariadb,,,,,56,reuse_query,,,network,,,2,,13,baseline,41.053705000194896,,
,,,,0.4769920000000649,,80,,,,,,,mariadb:11,sha256:ffd3e6e3af27dfb3fa12eb467205d9fafab29fa1c180ade7fc458aa063bfa73b,2,,,,60208,,,20.0,,,,,,mariadb,,,,,2399,metadata_batch,,,network,20,,2,,226,baseline,42.22393799955171,,
,,,,46.26916599999997,,,,,43.417926999609335,2473984,,,mariadb:11,sha256:ffd3e6e3af27dfb3fa12eb467205d9fafab29fa1c180ade7fc458aa063bfa73b,2,,,,60208,,,20.0,,,,,,mariadb,,,,1000,13439081,stream_fetch_cleanup,,,network,,,2,True,52,baseline,148.32404000026145,,
,,,,1.9447320000000046,,,,,,,,,mariadb:11,sha256:ffd3e6e3af27dfb3fa12eb467205d9fafab29fa1c180ade7fc458aa063bfa73b,2,,,,60208,,,20.0,,,,,,mariadb,,,,1000,267292,server_limit_1001,,,network,,,2,True,50,baseline,43.213125999500335,,
,,,,86.35483899999996,,,,,,,,,mariadb:11,sha256:ffd3e6e3af27dfb3fa12eb467205d9fafab29fa1c180ade7fc458aa063bfa73b,2,,,,60208,,,20.0,,,,,,mariadb,,,,1000,13439025,buffered_cap_1000,,,network,,,2,True,39,baseline,136.2545419997332,,
,,,,1.3001689999999622,,,,,,,,,mariadb:11,sha256:ffd3e6e3af27dfb3fa12eb467205d9fafab29fa1c180ade7fc458aa063bfa73b,2,,,,60208,,,20.0,,,,,,mariadb,,,,,408,connect_query_close,,,network,,,2,,240,baseline,227.69036999943637,,
,,,,114.89757299999992,,,,,,,,,mariadb:11,sha256:ffd3e6e3af27dfb3fa12eb467205d9fafab29fa1c180ade7fc458aa063bfa73b,3,,,,60208,,,20.0,,,,,,mariadb,,,,1000,13439025,buffered_cap_1000,,,network,,,3,True,39,baseline,157.53483499975118,,
,,,,2.1829299999999163,,80,,,,,,,mariadb:11,sha256:ffd3e6e3af27dfb3fa12eb467205d9fafab29fa1c180ade7fc458aa063bfa73b,3,,,,60208,,,20.0,,,,,,mariadb,,,,,2399,metadata_batch,,,network,20,,3,,226,baseline,43.67876400010573,,
,,,,4.44110200000003,,80,,,,,,,mariadb:11,sha256:ffd3e6e3af27dfb3fa12eb467205d9fafab29fa1c180ade7fc458aa063bfa73b,3,,,,60208,,,20.0,,,,,,mariadb,,,,,5800,metadata_one_query_per_table,,,network,20,,3,,4140,baseline,829.917213999579,,
,,,,1.4529209999999404,,,,,,,,,mariadb:11,sha256:ffd3e6e3af27dfb3fa12eb467205d9fafab29fa1c180ade7fc458aa063bfa73b,3,,,,60208,,,20.0,,,,,,mariadb,,,,,408,connect_query_close,,,network,,,3,,240,baseline,226.8791249998685,,
,,,,0.1795709999999895,,,,,,,,,mariadb:11,sha256:ffd3e6e3af27dfb3fa12eb467205d9fafab29fa1c180ade7fc458aa063bfa73b,3,,,,60208,,,20.0,,,,,,mariadb,,,,,56,reuse_query,,,network,,,3,,13,baseline,41.054799999983516,,
,,,,3.006948999999981,,,,,,,,,mariadb:11,sha256:ffd3e6e3af27dfb3fa12eb467205d9fafab29fa1c180ade7fc458aa063bfa73b,3,,,,60208,,,20.0,,,,,,mariadb,,,,1000,267292,server_limit_1001,,,network,,,3,True,50,baseline,44.326877999992575,,
,,,,7.836642000000005,,80,,,,,,,mariadb:11,sha256:ffd3e6e3af27dfb3fa12eb467205d9fafab29fa1c180ade7fc458aa063bfa73b,3,,,,60208,,,20.0,,,,,,mariadb,,,,,7360,metadata_per_table,,,network,20,,3,,5960,baseline,1662.6376469994284,,
,,,,65.40528400000012,,,,,44.09549699994386,425984,,,mariadb:11,sha256:ffd3e6e3af27dfb3fa12eb467205d9fafab29fa1c180ade7fc458aa063bfa73b,3,,,,60208,,,20.0,,,,,,mariadb,,,,1000,13439081,stream_fetch_cleanup,,,network,,,3,True,52,baseline,160.04858199994487,,
,,,,45.54725000000004,,,,,43.32667800008494,753664,,,mariadb:11,sha256:ffd3e6e3af27dfb3fa12eb467205d9fafab29fa1c180ade7fc458aa063bfa73b,4,,,,60208,,,20.0,,,,,,mariadb,,,,1000,13439081,stream_fetch_cleanup,,,network,,,4,True,52,baseline,159.45540600023378,,
,,,,4.5862369999998265,,80,,,,,,,mariadb:11,sha256:ffd3e6e3af27dfb3fa12eb467205d9fafab29fa1c180ade7fc458aa063bfa73b,4,,,,60208,,,20.0,,,,,,mariadb,,,,,5800,metadata_one_query_per_table,,,network,20,,4,,4140,baseline,837.3867499994958,,
,,,,1.2618340000001282,,,,,,,,,mariadb:11,sha256:ffd3e6e3af27dfb3fa12eb467205d9fafab29fa1c180ade7fc458aa063bfa73b,4,,,,60208,,,20.0,,,,,,mariadb,,,,,408,connect_query_close,,,network,,,4,,240,baseline,226.04905600019265,,
,,,,6.965391999999904,,80,,,,,,,mariadb:11,sha256:ffd3e6e3af27dfb3fa12eb467205d9fafab29fa1c180ade7fc458aa063bfa73b,4,,,,60208,,,20.0,,,,,,mariadb,,,,,7360,metadata_per_table,,,network,20,,4,,5960,baseline,1658.0716290000055,,
,,,,81.88531599999993,,,,,,,,,mariadb:11,sha256:ffd3e6e3af27dfb3fa12eb467205d9fafab29fa1c180ade7fc458aa063bfa73b,4,,,,60228,,,20.0,,,,,,mariadb,,,,1000,13439025,buffered_cap_1000,,,network,,,4,True,39,baseline,132.27439700040122,,
,,,,2.7916460000001475,,80,,,,,,,mariadb:11,sha256:ffd3e6e3af27dfb3fa12eb467205d9fafab29fa1c180ade7fc458aa063bfa73b,4,,,,60228,,,20.0,,,,,,mariadb,,,,,2399,metadata_batch,,,network,20,,4,,226,baseline,44.68916099995113,,
,,,,2.1198680000000802,,,,,,,,,mariadb:11,sha256:ffd3e6e3af27dfb3fa12eb467205d9fafab29fa1c180ade7fc458aa063bfa73b,4,,,,60228,,,20.0,,,,,,mariadb,,,,1000,267292,server_limit_1001,,,network,,,4,True,50,baseline,44.49475199999142,,
,,,,0.30843699999993923,,,,,,,,,mariadb:11,sha256:ffd3e6e3af27dfb3fa12eb467205d9fafab29fa1c180ade7fc458aa063bfa73b,4,,,,60228,,,20.0,,,,,,mariadb,,,,,56,reuse_query,,,network,,,4,,13,baseline,41.81403300026432,,
,,,,4.557860000000025,,80,,,,,,,mariadb:11,sha256:ffd3e6e3af27dfb3fa12eb467205d9fafab29fa1c180ade7fc458aa063bfa73b,5,,,,60228,,,20.0,,,,,,mariadb,,,,,5800,metadata_one_query_per_table,,,network,20,,5,,4140,baseline,828.2684050000171,,
,,,,9.691555000000074,,80,,,,,,,mariadb:11,sha256:ffd3e6e3af27dfb3fa12eb467205d9fafab29fa1c180ade7fc458aa063bfa73b,5,,,,60228,,,20.0,,,,,,mariadb,,,,,7360,metadata_per_table,,,network,20,,5,,5960,baseline,1652.0406820000062,,
,,,,2.971470999999948,,,,,,,,,mariadb:11,sha256:ffd3e6e3af27dfb3fa12eb467205d9fafab29fa1c180ade7fc458aa063bfa73b,5,,,,60228,,,20.0,,,,,,mariadb,,,,1000,267292,server_limit_1001,,,network,,,5,True,50,baseline,44.48269499971502,,
,,,,69.12223000000006,,,,,46.11431499961327,2572288,,,mariadb:11,sha256:ffd3e6e3af27dfb3fa12eb467205d9fafab29fa1c180ade7fc458aa063bfa73b,5,,,,60228,,,20.0,,,,,,mariadb,,,,1000,13439081,stream_fetch_cleanup,,,network,,,5,True,52,baseline,153.26133000053233,,
,,,,0.5330019999998381,,80,,,,,,,mariadb:11,sha256:ffd3e6e3af27dfb3fa12eb467205d9fafab29fa1c180ade7fc458aa063bfa73b,5,,,,60228,,,20.0,,,,,,mariadb,,,,,2399,metadata_batch,,,network,20,,5,,226,baseline,42.07911199955561,,
,,,,106.33683000000005,,,,,,,,,mariadb:11,sha256:ffd3e6e3af27dfb3fa12eb467205d9fafab29fa1c180ade7fc458aa063bfa73b,5,,,,60236,,,20.0,,,,,,mariadb,,,,1000,13439025,buffered_cap_1000,,,network,,,5,True,39,baseline,148.51495000038994,,
,,,,2.0021120000000003,,,,,,,,,mariadb:11,sha256:ffd3e6e3af27dfb3fa12eb467205d9fafab29fa1c180ade7fc458aa063bfa73b,5,,,,60236,,,20.0,,,,,,mariadb,,,,,56,reuse_query,,,network,,,5,,13,baseline,43.05338199992548,,
,,,,1.3370259999998524,,,,,,,,,mariadb:11,sha256:ffd3e6e3af27dfb3fa12eb467205d9fafab29fa1c180ade7fc458aa063bfa73b,5,,,,60236,,,20.0,,,,,,mariadb,,,,,408,connect_query_close,,,network,,,5,,240,baseline,227.43838499991398,,
,,,,2.999774000000066,,,,,,,,,mariadb:11,sha256:ffd3e6e3af27dfb3fa12eb467205d9fafab29fa1c180ade7fc458aa063bfa73b,6,,,,60236,,,20.0,,,,,,mariadb,,,,1000,267292,server_limit_1001,,,network,,,6,True,50,baseline,44.20192900033726,,
,,,,109.49732499999998,,,,,,,,,mariadb:11,sha256:ffd3e6e3af27dfb3fa12eb467205d9fafab29fa1c180ade7fc458aa063bfa73b,6,,,,60236,,,20.0,,,,,,mariadb,,,,1000,13439025,buffered_cap_1000,,,network,,,6,True,39,baseline,155.95739299988054,,
,,,,9.442766000000047,,80,,,,,,,mariadb:11,sha256:ffd3e6e3af27dfb3fa12eb467205d9fafab29fa1c180ade7fc458aa063bfa73b,6,,,,60236,,,20.0,,,,,,mariadb,,,,,7360,metadata_per_table,,,network,20,,6,,5960,baseline,1657.8025749995504,,
,,,,0.18516800000001332,,,,,,,,,mariadb:11,sha256:ffd3e6e3af27dfb3fa12eb467205d9fafab29fa1c180ade7fc458aa063bfa73b,6,,,,60236,,,20.0,,,,,,mariadb,,,,,56,reuse_query,,,network,,,6,,13,baseline,41.25268000007054,,
,,,,0.3702580000000122,,80,,,,,,,mariadb:11,sha256:ffd3e6e3af27dfb3fa12eb467205d9fafab29fa1c180ade7fc458aa063bfa73b,6,,,,60236,,,20.0,,,,,,mariadb,,,,,2399,metadata_batch,,,network,20,,6,,226,baseline,41.707980999490246,,
,,,,50.68777099999999,,,,,44.91218599923741,2818048,,,mariadb:11,sha256:ffd3e6e3af27dfb3fa12eb467205d9fafab29fa1c180ade7fc458aa063bfa73b,6,,,,60236,,,20.0,,,,,,mariadb,,,,1000,13439081,stream_fetch_cleanup,,,network,,,6,True,52,baseline,156.59218699966004,,
,,,,1.469712000000012,,,,,,,,,mariadb:11,sha256:ffd3e6e3af27dfb3fa12eb467205d9fafab29fa1c180ade7fc458aa063bfa73b,6,,,,60236,,,20.0,,,,,,mariadb,,,,,408,connect_query_close,,,network,,,6,,240,baseline,227.30601700004627,,
,,,,4.54749600000004,,80,,,,,,,mariadb:11,sha256:ffd3e6e3af27dfb3fa12eb467205d9fafab29fa1c180ade7fc458aa063bfa73b,6,,,,60236,,,20.0,,,,,,mariadb,,,,,5800,metadata_one_query_per_table,,,network,20,,6,,4140,baseline,833.6586920004265,,
,,,,1.1331569999999402,,,,,,,,,mariadb:11,sha256:ffd3e6e3af27dfb3fa12eb467205d9fafab29fa1c180ade7fc458aa063bfa73b,7,,,,60236,,,20.0,,,,,,mariadb,,,,,408,connect_query_close,,,network,,,7,,240,baseline,225.776623999991,,
,,,,107.80388899999993,,,,,,,,,mariadb:11,sha256:ffd3e6e3af27dfb3fa12eb467205d9fafab29fa1c180ade7fc458aa063bfa73b,7,,,,60260,,,20.0,,,,,,mariadb,,,,1000,13439025,buffered_cap_1000,,,network,,,7,True,39,baseline,156.7446529998051,,
,,,,3.4058759999999744,,80,,,,,,,mariadb:11,sha256:ffd3e6e3af27dfb3fa12eb467205d9fafab29fa1c180ade7fc458aa063bfa73b,7,,,,60260,,,20.0,,,,,,mariadb,,,,,2399,metadata_batch,,,network,20,,7,,226,baseline,44.72389300008217,,
,,,,0.24575800000015136,,,,,,,,,mariadb:11,sha256:ffd3e6e3af27dfb3fa12eb467205d9fafab29fa1c180ade7fc458aa063bfa73b,7,,,,60260,,,20.0,,,,,,mariadb,,,,,56,reuse_query,,,network,,,7,,13,baseline,41.03710500021407,,
,,,,7.587714999999884,,80,,,,,,,mariadb:11,sha256:ffd3e6e3af27dfb3fa12eb467205d9fafab29fa1c180ade7fc458aa063bfa73b,7,,,,60260,,,20.0,,,,,,mariadb,,,,,7360,metadata_per_table,,,network,20,,7,,5960,baseline,1663.0766700000095,,
,,,,3.896716000000078,,80,,,,,,,mariadb:11,sha256:ffd3e6e3af27dfb3fa12eb467205d9fafab29fa1c180ade7fc458aa063bfa73b,7,,,,60260,,,20.0,,,,,,mariadb,,,,,5800,metadata_one_query_per_table,,,network,20,,7,,4140,baseline,842.4254359997576,,
,,,,3.371376000000037,,,,,,,,,mariadb:11,sha256:ffd3e6e3af27dfb3fa12eb467205d9fafab29fa1c180ade7fc458aa063bfa73b,7,,,,60260,,,20.0,,,,,,mariadb,,,,1000,267292,server_limit_1001,,,network,,,7,True,50,baseline,44.64670800007298,,
,,,,69.02183399999996,,,,,45.99851300008595,2490368,,,mariadb:11,sha256:ffd3e6e3af27dfb3fa12eb467205d9fafab29fa1c180ade7fc458aa063bfa73b,7,,,,60260,,,20.0,,,,,,mariadb,,,,1000,13439081,stream_fetch_cleanup,,,network,,,7,True,52,baseline,154.8858840005778,,
,,,,113.15475399999997,,,,,,,,,mariadb:11,sha256:ffd3e6e3af27dfb3fa12eb467205d9fafab29fa1c180ade7fc458aa063bfa73b,8,,,,60264,,,20.0,,,,,,mariadb,,,,1000,13439025,buffered_cap_1000,,,network,,,8,True,39,baseline,158.1214939997153,,
,,,,8.88079399999997,,80,,,,,,,mariadb:11,sha256:ffd3e6e3af27dfb3fa12eb467205d9fafab29fa1c180ade7fc458aa063bfa73b,8,,,,60264,,,20.0,,,,,,mariadb,,,,,7360,metadata_per_table,,,network,20,,8,,5960,baseline,1660.8558600000833,,
,,,,0.28106000000005515,,,,,,,,,mariadb:11,sha256:ffd3e6e3af27dfb3fa12eb467205d9fafab29fa1c180ade7fc458aa063bfa73b,8,,,,60264,,,20.0,,,,,,mariadb,,,,,56,reuse_query,,,network,,,8,,13,baseline,41.05850899941288,,
,,,,0.5821579999998328,,80,,,,,,,mariadb:11,sha256:ffd3e6e3af27dfb3fa12eb467205d9fafab29fa1c180ade7fc458aa063bfa73b,8,,,,60264,,,20.0,,,,,,mariadb,,,,,2399,metadata_batch,,,network,20,,8,,226,baseline,42.19141399971704,,
,,,,4.188064999999908,,80,,,,,,,mariadb:11,sha256:ffd3e6e3af27dfb3fa12eb467205d9fafab29fa1c180ade7fc458aa063bfa73b,8,,,,60264,,,20.0,,,,,,mariadb,,,,,5800,metadata_one_query_per_table,,,network,20,,8,,4140,baseline,834.3010569997205,,
,,,,44.67668199999997,,,,,44.9601159998565,1097728,,,mariadb:11,sha256:ffd3e6e3af27dfb3fa12eb467205d9fafab29fa1c180ade7fc458aa063bfa73b,8,,,,60264,,,20.0,,,,,,mariadb,,,,1000,13439081,stream_fetch_cleanup,,,network,,,8,True,52,baseline,152.13410799970006,,
,,,,1.246934999999949,,,,,,,,,mariadb:11,sha256:ffd3e6e3af27dfb3fa12eb467205d9fafab29fa1c180ade7fc458aa063bfa73b,8,,,,60264,,,20.0,,,,,,mariadb,,,,,408,connect_query_close,,,network,,,8,,240,baseline,225.82759100077965,,
,,,,1.949754999999831,,,,,,,,,mariadb:11,sha256:ffd3e6e3af27dfb3fa12eb467205d9fafab29fa1c180ade7fc458aa063bfa73b,8,,,,60264,,,20.0,,,,,,mariadb,,,,1000,267292,server_limit_1001,,,network,,,8,True,50,baseline,42.904894000457716,,
,,,,2.4495530000000487,,80,,,,,,,mysql:8.0,sha256:95f1309164f3465ca13aa0094587ee7322877800e801bb8430ac599ed803fb63,0,,,,52064,,,0.0,,,,,,mysql,,,,,5840,metadata_one_query_per_table,,,network,20,,0,,4140,baseline,17.043122999893967,,
,,,,122.76383800000002,,,,,,,,,mysql:8.0,sha256:95f1309164f3465ca13aa0094587ee7322877800e801bb8430ac599ed803fb63,0,,,,62408,,,0.0,,,,,,mysql,,,,1000,13439025,buffered_cap_1000,,,network,,,0,True,39,baseline,127.90653200045199,,
,,,,3.198827000000015,,80,,,,,,,mysql:8.0,sha256:95f1309164f3465ca13aa0094587ee7322877800e801bb8430ac599ed803fb63,0,,,,62408,,,0.0,,,,,,mysql,,,,,2400,metadata_batch,,,network,20,,0,,226,baseline,5.005300000448187,,
,,,,0.17899600000004234,,,,,,,,,mysql:8.0,sha256:95f1309164f3465ca13aa0094587ee7322877800e801bb8430ac599ed803fb63,0,,,,62408,,,0.0,,,,,,mysql,,,,,56,reuse_query,,,network,,,0,,13,baseline,0.6424450002668891,,
,,,,2.5942840000000023,,,,,,,,,mysql:8.0,sha256:95f1309164f3465ca13aa0094587ee7322877800e801bb8430ac599ed803fb63,0,,,,62408,,,0.0,,,,,,mysql,,,,1000,267292,server_limit_1001,,,network,,,0,True,50,baseline,3.2863629994608345,,
,,,,67.992104,,,,,3.926852999939001,1523712,,,mysql:8.0,sha256:95f1309164f3465ca13aa0094587ee7322877800e801bb8430ac599ed803fb63,0,,,,62408,,,0.0,,,,,,mysql,,,,1000,13439081,stream_fetch_cleanup,,,network,,,0,True,52,baseline,70.82215099944733,,
,,,,0.57463499999999,,,,,,,,,mysql:8.0,sha256:95f1309164f3465ca13aa0094587ee7322877800e801bb8430ac599ed803fb63,0,,,,62408,,,0.0,,,,,,mysql,,,,,247,connect_query_close,,,network,,,0,,231,baseline,2.2290639999482664,,
,,,,3.5334509999999653,,80,,,,,,,mysql:8.0,sha256:95f1309164f3465ca13aa0094587ee7322877800e801bb8430ac599ed803fb63,0,,,,62408,,,0.0,,,,,,mysql,,,,,6720,metadata_per_table,,,network,20,,0,,5960,baseline,30.715199999576726,,
,,,,112.686795,,,,,,,,,mysql:8.0,sha256:95f1309164f3465ca13aa0094587ee7322877800e801bb8430ac599ed803fb63,1,,,,62488,,,0.0,,,,,,mysql,,,,1000,13439025,buffered_cap_1000,,,network,,,1,True,39,baseline,116.01184600021952,,
,,,,0.8701190000000025,,,,,,,,,mysql:8.0,sha256:95f1309164f3465ca13aa0094587ee7322877800e801bb8430ac599ed803fb63,1,,,,62488,,,0.0,,,,,,mysql,,,,,247,connect_query_close,,,network,,,1,,231,baseline,3.2656869998390903,,
,,,,2.7075509999999747,,80,,,,,,,mysql:8.0,sha256:95f1309164f3465ca13aa0094587ee7322877800e801bb8430ac599ed803fb63,1,,,,62488,,,0.0,,,,,,mysql,,,,,2400,metadata_batch,,,network,20,,1,,226,baseline,4.517192999628605,,
,,,,72.85560300000004,,,,,4.845833000217681,2473984,,,mysql:8.0,sha256:95f1309164f3465ca13aa0094587ee7322877800e801bb8430ac599ed803fb63,1,,,,62488,,,0.0,,,,,,mysql,,,,1000,13439081,stream_fetch_cleanup,,,network,,,1,True,52,baseline,86.59488700050133,,
,,,,3.3888549999999684,,80,,,,,,,mysql:8.0,sha256:95f1309164f3465ca13aa0094587ee7322877800e801bb8430ac599ed803fb63,1,,,,62488,,,0.0,,,,,,mysql,,,,,6720,metadata_per_table,,,network,20,,1,,5960,baseline,40.16989499996271,,
,,,,2.2294200000000375,,80,,,,,,,mysql:8.0,sha256:95f1309164f3465ca13aa0094587ee7322877800e801bb8430ac599ed803fb63,1,,,,62488,,,0.0,,,,,,mysql,,,,,5840,metadata_one_query_per_table,,,network,20,,1,,4140,baseline,16.56779700078914,,
,,,,2.959263999999906,,,,,,,,,mysql:8.0,sha256:95f1309164f3465ca13aa0094587ee7322877800e801bb8430ac599ed803fb63,1,,,,62488,,,0.0,,,,,,mysql,,,,1000,267292,server_limit_1001,,,network,,,1,True,50,baseline,3.8620670002273982,,
,,,,0.21373499999999268,,,,,,,,,mysql:8.0,sha256:95f1309164f3465ca13aa0094587ee7322877800e801bb8430ac599ed803fb63,1,,,,62488,,,0.0,,,,,,mysql,,,,,56,reuse_query,,,network,,,1,,13,baseline,0.6967529998291866,,
,,,,5.11698599999999,,80,,,,,,,mysql:8.0,sha256:95f1309164f3465ca13aa0094587ee7322877800e801bb8430ac599ed803fb63,2,,,,62488,,,0.0,,,,,,mysql,,,,,6720,metadata_per_table,,,network,20,,2,,5960,baseline,43.78672200073197,,
,,,,3.1831539999999103,,80,,,,,,,mysql:8.0,sha256:95f1309164f3465ca13aa0094587ee7322877800e801bb8430ac599ed803fb63,2,,,,62488,,,0.0,,,,,,mysql,,,,,5840,metadata_one_query_per_table,,,network,20,,2,,4140,baseline,25.081214999772783,,
,,,,0.1632309999999304,,,,,,,,,mysql:8.0,sha256:95f1309164f3465ca13aa0094587ee7322877800e801bb8430ac599ed803fb63,2,,,,62488,,,0.0,,,,,,mysql,,,,,56,reuse_query,,,network,,,2,,13,baseline,0.5893570005355286,,
,,,,0.4347180000000561,,80,,,,,,,mysql:8.0,sha256:95f1309164f3465ca13aa0094587ee7322877800e801bb8430ac599ed803fb63,2,,,,62488,,,0.0,,,,,,mysql,,,,,2400,metadata_batch,,,network,20,,2,,226,baseline,2.724666000176512,,
,,,,72.36067099999998,,,,,8.488594000482408,3424256,,,mysql:8.0,sha256:95f1309164f3465ca13aa0094587ee7322877800e801bb8430ac599ed803fb63,2,,,,62488,,,0.0,,,,,,mysql,,,,1000,13439081,stream_fetch_cleanup,,,network,,,2,True,52,baseline,79.41075100006856,,
,,,,2.8766169999999702,,,,,,,,,mysql:8.0,sha256:95f1309164f3465ca13aa0094587ee7322877800e801bb8430ac599ed803fb63,2,,,,62488,,,0.0,,,,,,mysql,,,,1000,267292,server_limit_1001,,,network,,,2,True,50,baseline,3.9342729996860726,,
,,,,120.28628699999999,,,,,,,,,mysql:8.0,sha256:95f1309164f3465ca13aa0094587ee7322877800e801bb8430ac599ed803fb63,2,,,,62488,,,0.0,,,,,,mysql,,,,1000,13439025,buffered_cap_1000,,,network,,,2,True,39,baseline,122.7749589997984,,
,,,,0.5170310000000011,,,,,,,,,mysql:8.0,sha256:95f1309164f3465ca13aa0094587ee7322877800e801bb8430ac599ed803fb63,2,,,,62488,,,0.0,,,,,,mysql,,,,,247,connect_query_close,,,network,,,2,,231,baseline,1.8408910000289325,,
,,,,122.43761799999997,,,,,,,,,mysql:8.0,sha256:95f1309164f3465ca13aa0094587ee7322877800e801bb8430ac599ed803fb63,3,,,,62488,,,0.0,,,,,,mysql,,,,1000,13439025,buffered_cap_1000,,,network,,,3,True,39,baseline,127.11662400033674,,
,,,,2.4971160000000214,,80,,,,,,,mysql:8.0,sha256:95f1309164f3465ca13aa0094587ee7322877800e801bb8430ac599ed803fb63,3,,,,62488,,,0.0,,,,,,mysql,,,,,2400,metadata_batch,,,network,20,,3,,226,baseline,4.085613000825106,,
,,,,2.1767609999999715,,80,,,,,,,mysql:8.0,sha256:95f1309164f3465ca13aa0094587ee7322877800e801bb8430ac599ed803fb63,3,,,,62488,,,0.0,,,,,,mysql,,,,,5840,metadata_one_query_per_table,,,network,20,,3,,4140,baseline,15.799720999893907,,
,,,,0.6123959999999595,,,,,,,,,mysql:8.0,sha256:95f1309164f3465ca13aa0094587ee7322877800e801bb8430ac599ed803fb63,3,,,,62488,,,0.0,,,,,,mysql,,,,,247,connect_query_close,,,network,,,3,,231,baseline,2.021375999902375,,
,,,,0.17917899999997378,,,,,,,,,mysql:8.0,sha256:95f1309164f3465ca13aa0094587ee7322877800e801bb8430ac599ed803fb63,3,,,,62488,,,0.0,,,,,,mysql,,,,,56,reuse_query,,,network,,,3,,13,baseline,0.7759399995848071,,
,,,,2.866390999999968,,,,,,,,,mysql:8.0,sha256:95f1309164f3465ca13aa0094587ee7322877800e801bb8430ac599ed803fb63,3,,,,62488,,,0.0,,,,,,mysql,,,,1000,267292,server_limit_1001,,,network,,,3,True,50,baseline,3.752255999643239,,
,,,,4.283349000000047,,80,,,,,,,mysql:8.0,sha256:95f1309164f3465ca13aa0094587ee7322877800e801bb8430ac599ed803fb63,3,,,,62488,,,0.0,,,,,,mysql,,,,,6720,metadata_per_table,,,network,20,,3,,5960,baseline,36.51849600009882,,
,,,,68.9592189999999,,,,,3.422716000386572,2146145,,,mysql:8.0,sha256:95f1309164f3465ca13aa0094587ee7322877800e801bb8430ac599ed803fb63,3,,,,62488,,,0.0,,,,,,mysql,,,,1000,13439081,stream_fetch_cleanup,,,network,,,3,True,52,baseline,72.76412600003823,,
,,,,60.56312500000005,,,,,3.3818369993241504,1130496,,,mysql:8.0,sha256:95f1309164f3465ca13aa0094587ee7322877800e801bb8430ac599ed803fb63,4,,,,62488,,,0.0,,,,,,mysql,,,,1000,13439081,stream_fetch_cleanup,,,network,,,4,True,52,baseline,64.60536499980662,,
,,,,1.6997119999999644,,80,,,,,,,mysql:8.0,sha256:95f1309164f3465ca13aa0094587ee7322877800e801bb8430ac599ed803fb63,4,,,,62488,,,0.0,,,,,,mysql,,,,,5840,metadata_one_query_per_table,,,network,20,,4,,4140,baseline,14.205722000042442,,
,,,,0.8242659999999624,,,,,,,,,mysql:8.0,sha256:95f1309164f3465ca13aa0094587ee7322877800e801bb8430ac599ed803fb63,4,,,,62488,,,0.0,,,,,,mysql,,,,,247,connect_query_close,,,network,,,4,,231,baseline,4.20633799967618,,
,,,,3.9157100000000167,,80,,,,,,,mysql:8.0,sha256:95f1309164f3465ca13aa0094587ee7322877800e801bb8430ac599ed803fb63,4,,,,62488,,,0.0,,,,,,mysql,,,,,6720,metadata_per_table,,,network,20,,4,,5960,baseline,31.719075000182784,,
,,,,118.702144,,,,,,,,,mysql:8.0,sha256:95f1309164f3465ca13aa0094587ee7322877800e801bb8430ac599ed803fb63,4,,,,62488,,,0.0,,,,,,mysql,,,,1000,13439025,buffered_cap_1000,,,network,,,4,True,39,baseline,122.43076599952474,,
,,,,2.4573359999999767,,80,,,,,,,mysql:8.0,sha256:95f1309164f3465ca13aa0094587ee7322877800e801bb8430ac599ed803fb63,4,,,,62488,,,0.0,,,,,,mysql,,,,,2400,metadata_batch,,,network,20,,4,,226,baseline,4.506416000367608,,
,,,,2.935686999999909,,,,,,,,,mysql:8.0,sha256:95f1309164f3465ca13aa0094587ee7322877800e801bb8430ac599ed803fb63,4,,,,62488,,,0.0,,,,,,mysql,,,,1000,267292,server_limit_1001,,,network,,,4,True,50,baseline,3.7755339999421267,,
,,,,0.20792700000016318,,,,,,,,,mysql:8.0,sha256:95f1309164f3465ca13aa0094587ee7322877800e801bb8430ac599ed803fb63,4,,,,62488,,,0.0,,,,,,mysql,,,,,56,reuse_query,,,network,,,4,,13,baseline,0.6745709997630911,,
,,,,3.135161999999969,,80,,,,,,,mysql:8.0,sha256:95f1309164f3465ca13aa0094587ee7322877800e801bb8430ac599ed803fb63,5,,,,62488,,,0.0,,,,,,mysql,,,,,5840,metadata_one_query_per_table,,,network,20,,5,,4140,baseline,27.295992999825103,,
,,,,5.97270399999994,,80,,,,,,,mysql:8.0,sha256:95f1309164f3465ca13aa0094587ee7322877800e801bb8430ac599ed803fb63,5,,,,62488,,,0.0,,,,,,mysql,,,,,6720,metadata_per_table,,,network,20,,5,,5960,baseline,56.74854100016091,,
,,,,2.69409899999995,,,,,,,,,mysql:8.0,sha256:95f1309164f3465ca13aa0094587ee7322877800e801bb8430ac599ed803fb63,5,,,,62488,,,0.0,,,,,,mysql,,,,1000,267292,server_limit_1001,,,network,,,5,True,50,baseline,3.62879200019961,,
,,,,75.61598000000002,,,,,7.77273600033368,1753088,,,mysql:8.0,sha256:95f1309164f3465ca13aa0094587ee7322877800e801bb8430ac599ed803fb63,5,,,,62488,,,0.0,,,,,,mysql,,,,1000,13439081,stream_fetch_cleanup,,,network,,,5,True,52,baseline,88.31594100047369,,
,,,,0.4597840000000186,,80,,,,,,,mysql:8.0,sha256:95f1309164f3465ca13aa0094587ee7322877800e801bb8430ac599ed803fb63,5,,,,62488,,,0.0,,,,,,mysql,,,,,2400,metadata_batch,,,network,20,,5,,226,baseline,2.2892890001458,,
,,,,128.453288,,,,,,,,,mysql:8.0,sha256:95f1309164f3465ca13aa0094587ee7322877800e801bb8430ac599ed803fb63,5,,,,62488,,,0.0,,,,,,mysql,,,,1000,13439025,buffered_cap_1000,,,network,,,5,True,39,baseline,143.6833130001105,,
,,,,2.2550019999998394,,,,,,,,,mysql:8.0,sha256:95f1309164f3465ca13aa0094587ee7322877800e801bb8430ac599ed803fb63,5,,,,62488,,,0.0,,,,,,mysql,,,,,56,reuse_query,,,network,,,5,,13,baseline,3.659021000203211,,
,,,,0.8603229999999407,,,,,,,,,mysql:8.0,sha256:95f1309164f3465ca13aa0094587ee7322877800e801bb8430ac599ed803fb63,5,,,,62488,,,0.0,,,,,,mysql,,,,,247,connect_query_close,,,network,,,5,,231,baseline,3.4852529997806414,,
,,,,3.637370999999945,,,,,,,,,mysql:8.0,sha256:95f1309164f3465ca13aa0094587ee7322877800e801bb8430ac599ed803fb63,6,,,,62488,,,0.0,,,,,,mysql,,,,1000,267292,server_limit_1001,,,network,,,6,True,50,baseline,6.491906000519521,,
,,,,127.06943799999992,,,,,,,,,mysql:8.0,sha256:95f1309164f3465ca13aa0094587ee7322877800e801bb8430ac599ed803fb63,6,,,,62496,,,0.0,,,,,,mysql,,,,1000,13439025,buffered_cap_1000,,,network,,,6,True,39,baseline,142.10933800040948,,
,,,,5.4869570000000145,,80,,,,,,,mysql:8.0,sha256:95f1309164f3465ca13aa0094587ee7322877800e801bb8430ac599ed803fb63,6,,,,62496,,,0.0,,,,,,mysql,,,,,6720,metadata_per_table,,,network,20,,6,,5960,baseline,32.121669999469304,,
,,,,0.18105299999993107,,,,,,,,,mysql:8.0,sha256:95f1309164f3465ca13aa0094587ee7322877800e801bb8430ac599ed803fb63,6,,,,62496,,,0.0,,,,,,mysql,,,,,56,reuse_query,,,network,,,6,,13,baseline,0.6656979994659196,,
,,,,0.4355409999998727,,80,,,,,,,mysql:8.0,sha256:95f1309164f3465ca13aa0094587ee7322877800e801bb8430ac599ed803fb63,6,,,,62496,,,0.0,,,,,,mysql,,,,,2400,metadata_batch,,,network,20,,6,,226,baseline,1.8995669997821096,,
,,,,72.30929600000002,,,,,7.499479999751202,1785856,,,mysql:8.0,sha256:95f1309164f3465ca13aa0094587ee7322877800e801bb8430ac599ed803fb63,6,,,,62496,,,0.0,,,,,,mysql,,,,1000,13439081,stream_fetch_cleanup,,,network,,,6,True,52,baseline,79.38194100006513,,
,,,,0.4726710000000356,,,,,,,,,mysql:8.0,sha256:95f1309164f3465ca13aa0094587ee7322877800e801bb8430ac599ed803fb63,6,,,,62496,,,0.0,,,,,,mysql,,,,,247,connect_query_close,,,network,,,6,,231,baseline,1.9236119997003698,,
,,,,2.2714839999999903,,80,,,,,,,mysql:8.0,sha256:95f1309164f3465ca13aa0094587ee7322877800e801bb8430ac599ed803fb63,6,,,,62496,,,0.0,,,,,,mysql,,,,,5840,metadata_one_query_per_table,,,network,20,,6,,4140,baseline,15.09990900012781,,
,,,,0.5856129999999293,,,,,,,,,mysql:8.0,sha256:95f1309164f3465ca13aa0094587ee7322877800e801bb8430ac599ed803fb63,7,,,,62496,,,0.0,,,,,,mysql,,,,,247,connect_query_close,,,network,,,7,,231,baseline,1.9989570000689127,,
,,,,118.70113800000004,,,,,,,,,mysql:8.0,sha256:95f1309164f3465ca13aa0094587ee7322877800e801bb8430ac599ed803fb63,7,,,,62580,,,0.0,,,,,,mysql,,,,1000,13439025,buffered_cap_1000,,,network,,,7,True,39,baseline,123.98058500002662,,
,,,,2.3234250000001566,,80,,,,,,,mysql:8.0,sha256:95f1309164f3465ca13aa0094587ee7322877800e801bb8430ac599ed803fb63,7,,,,62580,,,0.0,,,,,,mysql,,,,,2400,metadata_batch,,,network,20,,7,,226,baseline,3.9081739996618126,,
,,,,0.17510600000014698,,,,,,,,,mysql:8.0,sha256:95f1309164f3465ca13aa0094587ee7322877800e801bb8430ac599ed803fb63,7,,,,62580,,,0.0,,,,,,mysql,,,,,56,reuse_query,,,network,,,7,,13,baseline,0.6308920001174556,,
,,,,3.8618569999999686,,80,,,,,,,mysql:8.0,sha256:95f1309164f3465ca13aa0094587ee7322877800e801bb8430ac599ed803fb63,7,,,,62580,,,0.0,,,,,,mysql,,,,,6720,metadata_per_table,,,network,20,,7,,5960,baseline,32.3502239998561,,
,,,,2.474122999999828,,80,,,,,,,mysql:8.0,sha256:95f1309164f3465ca13aa0094587ee7322877800e801bb8430ac599ed803fb63,7,,,,62580,,,0.0,,,,,,mysql,,,,,5840,metadata_one_query_per_table,,,network,20,,7,,4140,baseline,20.41701399957674,,
,,,,2.9721519999998947,,,,,,,,,mysql:8.0,sha256:95f1309164f3465ca13aa0094587ee7322877800e801bb8430ac599ed803fb63,7,,,,62580,,,0.0,,,,,,mysql,,,,1000,267292,server_limit_1001,,,network,,,7,True,50,baseline,3.6073310002393555,,
,,,,67.34439700000006,,,,,3.632756000115478,2818048,,,mysql:8.0,sha256:95f1309164f3465ca13aa0094587ee7322877800e801bb8430ac599ed803fb63,7,,,,62580,,,0.0,,,,,,mysql,,,,1000,13439081,stream_fetch_cleanup,,,network,,,7,True,52,baseline,71.26722799966956,,
,,,,108.82921499999986,,,,,,,,,mysql:8.0,sha256:95f1309164f3465ca13aa0094587ee7322877800e801bb8430ac599ed803fb63,8,,,,62580,,,0.0,,,,,,mysql,,,,1000,13439025,buffered_cap_1000,,,network,,,8,True,39,baseline,110.17372900005284,,
,,,,6.601965999999848,,80,,,,,,,mysql:8.0,sha256:95f1309164f3465ca13aa0094587ee7322877800e801bb8430ac599ed803fb63,8,,,,62580,,,0.0,,,,,,mysql,,,,,6720,metadata_per_table,,,network,20,,8,,5960,baseline,48.74346199994761,,
,,,,0.16322899999998697,,,,,,,,,mysql:8.0,sha256:95f1309164f3465ca13aa0094587ee7322877800e801bb8430ac599ed803fb63,8,,,,62580,,,0.0,,,,,,mysql,,,,,56,reuse_query,,,network,,,8,,13,baseline,0.6828659998063813,,
,,,,0.4349200000000053,,80,,,,,,,mysql:8.0,sha256:95f1309164f3465ca13aa0094587ee7322877800e801bb8430ac599ed803fb63,8,,,,62580,,,0.0,,,,,,mysql,,,,,2400,metadata_batch,,,network,20,,8,,226,baseline,2.1074070000395295,,
,,,,2.3107919999998394,,80,,,,,,,mysql:8.0,sha256:95f1309164f3465ca13aa0094587ee7322877800e801bb8430ac599ed803fb63,8,,,,62580,,,0.0,,,,,,mysql,,,,,5840,metadata_one_query_per_table,,,network,20,,8,,4140,baseline,18.08579800035659,,
,,,,74.77044,,,,,5.156360000000859,1589248,,,mysql:8.0,sha256:95f1309164f3465ca13aa0094587ee7322877800e801bb8430ac599ed803fb63,8,,,,62580,,,0.0,,,,,,mysql,,,,1000,13439081,stream_fetch_cleanup,,,network,,,8,True,52,baseline,87.79228500043246,,
,,,,0.4892239999998438,,,,,,,,,mysql:8.0,sha256:95f1309164f3465ca13aa0094587ee7322877800e801bb8430ac599ed803fb63,8,,,,62580,,,0.0,,,,,,mysql,,,,,247,connect_query_close,,,network,,,8,,231,baseline,2.1425599998110556,,
,,,,2.6842179999997384,,,,,,,,,mysql:8.0,sha256:95f1309164f3465ca13aa0094587ee7322877800e801bb8430ac599ed803fb63,8,,,,62580,,,0.0,,,,,,mysql,,,,1000,267292,server_limit_1001,,,network,,,8,True,50,baseline,4.155944999183703,,
,,,,3.7296099999999943,,80,,,,,,,mysql:8.0,sha256:95f1309164f3465ca13aa0094587ee7322877800e801bb8430ac599ed803fb63,0,,,,51800,,,20.0,,,,,,mysql,,,,,5840,metadata_one_query_per_table,,,network,20,,0,,4140,baseline,837.7198759999374,,
,,,,119.87383300000002,,,,,,,,,mysql:8.0,sha256:95f1309164f3465ca13aa0094587ee7322877800e801bb8430ac599ed803fb63,0,,,,62276,,,20.0,,,,,,mysql,,,,1000,13439025,buffered_cap_1000,,,network,,,0,True,39,baseline,163.16324600029475,,
,,,,2.4499139999999975,,80,,,,,,,mysql:8.0,sha256:95f1309164f3465ca13aa0094587ee7322877800e801bb8430ac599ed803fb63,0,,,,62276,,,20.0,,,,,,mysql,,,,,2400,metadata_batch,,,network,20,,0,,226,baseline,44.59125299945299,,
,,,,0.20662300000001688,,,,,,,,,mysql:8.0,sha256:95f1309164f3465ca13aa0094587ee7322877800e801bb8430ac599ed803fb63,0,,,,62276,,,20.0,,,,,,mysql,,,,,56,reuse_query,,,network,,,0,,13,baseline,41.52900600001885,,
,,,,2.5710820000000023,,,,,,,,,mysql:8.0,sha256:95f1309164f3465ca13aa0094587ee7322877800e801bb8430ac599ed803fb63,0,,,,62276,,,20.0,,,,,,mysql,,,,1000,267292,server_limit_1001,,,network,,,0,True,50,baseline,43.927048000114155,,
,,,,72.687002,,,,,44.45009499977459,1523712,,,mysql:8.0,sha256:95f1309164f3465ca13aa0094587ee7322877800e801bb8430ac599ed803fb63,0,,,,62276,,,20.0,,,,,,mysql,,,,1000,13439081,stream_fetch_cleanup,,,network,,,0,True,52,baseline,168.0599239998628,,
,,,,0.9105450000000403,,,,,,,,,mysql:8.0,sha256:95f1309164f3465ca13aa0094587ee7322877800e801bb8430ac599ed803fb63,0,,,,62276,,,20.0,,,,,,mysql,,,,,247,connect_query_close,,,network,,,0,,231,baseline,185.51556399961555,,
,,,,6.894343000000025,,80,,,,,,,mysql:8.0,sha256:95f1309164f3465ca13aa0094587ee7322877800e801bb8430ac599ed803fb63,0,,,,62276,,,20.0,,,,,,mysql,,,,,6720,metadata_per_table,,,network,20,,0,,5960,baseline,1675.1060219994542,,
,,,,117.11974400000003,,,,,,,,,mysql:8.0,sha256:95f1309164f3465ca13aa0094587ee7322877800e801bb8430ac599ed803fb63,1,,,,62276,,,20.0,,,,,,mysql,,,,1000,13439025,buffered_cap_1000,,,network,,,1,True,39,baseline,164.99981700053468,,
,,,,0.7936330000000158,,,,,,,,,mysql:8.0,sha256:95f1309164f3465ca13aa0094587ee7322877800e801bb8430ac599ed803fb63,1,,,,62276,,,20.0,,,,,,mysql,,,,,247,connect_query_close,,,network,,,1,,231,baseline,184.81926200001908,,
,,,,2.9799359999999053,,80,,,,,,,mysql:8.0,sha256:95f1309164f3465ca13aa0094587ee7322877800e801bb8430ac599ed803fb63,1,,,,62276,,,20.0,,,,,,mysql,,,,,2400,metadata_batch,,,network,20,,1,,226,baseline,45.1261810003416,,
,,,,70.38859500000005,,,,,46.38835100013239,1392640,,,mysql:8.0,sha256:95f1309164f3465ca13aa0094587ee7322877800e801bb8430ac599ed803fb63,1,,,,62276,,,20.0,,,,,,mysql,,,,1000,13439081,stream_fetch_cleanup,,,network,,,1,True,52,baseline,165.8103210002082,,
,,,,6.883008000000079,,80,,,,,,,mysql:8.0,sha256:95f1309164f3465ca13aa0094587ee7322877800e801bb8430ac599ed803fb63,1,,,,62276,,,20.0,,,,,,mysql,,,,,6720,metadata_per_table,,,network,20,,1,,5960,baseline,1675.5627370002912,,
,,,,3.6839750000000615,,80,,,,,,,mysql:8.0,sha256:95f1309164f3465ca13aa0094587ee7322877800e801bb8430ac599ed803fb63,1,,,,62276,,,20.0,,,,,,mysql,,,,,5840,metadata_one_query_per_table,,,network,20,,1,,4140,baseline,833.5855089999313,,
,,,,2.9261590000000393,,,,,,,,,mysql:8.0,sha256:95f1309164f3465ca13aa0094587ee7322877800e801bb8430ac599ed803fb63,1,,,,62276,,,20.0,,,,,,mysql,,,,1000,267292,server_limit_1001,,,network,,,1,True,50,baseline,44.16690200014273,,
,,,,0.2558299999999569,,,,,,,,,mysql:8.0,sha256:95f1309164f3465ca13aa0094587ee7322877800e801bb8430ac599ed803fb63,1,,,,62276,,,20.0,,,,,,mysql,,,,,56,reuse_query,,,network,,,1,,13,baseline,41.0636019996673,,
,,,,6.939045999999949,,80,,,,,,,mysql:8.0,sha256:95f1309164f3465ca13aa0094587ee7322877800e801bb8430ac599ed803fb63,2,,,,62276,,,20.0,,,,,,mysql,,,,,6720,metadata_per_table,,,network,20,,2,,5960,baseline,1673.0309410004338,,
,,,,3.7343180000000142,,80,,,,,,,mysql:8.0,sha256:95f1309164f3465ca13aa0094587ee7322877800e801bb8430ac599ed803fb63,2,,,,62276,,,20.0,,,,,,mysql,,,,,5840,metadata_one_query_per_table,,,network,20,,2,,4140,baseline,838.0291670000588,,
,,,,0.19283199999997613,,,,,,,,,mysql:8.0,sha256:95f1309164f3465ca13aa0094587ee7322877800e801bb8430ac599ed803fb63,2,,,,62276,,,20.0,,,,,,mysql,,,,,56,reuse_query,,,network,,,2,,13,baseline,41.053060999729496,,
,,,,0.43968700000007743,,80,,,,,,,mysql:8.0,sha256:95f1309164f3465ca13aa0094587ee7322877800e801bb8430ac599ed803fb63,2,,,,62276,,,20.0,,,,,,mysql,,,,,2400,metadata_batch,,,network,20,,2,,226,baseline,42.42703199997777,,
,,,,67.02600299999995,,,,,44.225102999917,2031616,,,mysql:8.0,sha256:95f1309164f3465ca13aa0094587ee7322877800e801bb8430ac599ed803fb63,2,,,,62276,,,20.0,,,,,,mysql,,,,1000,13439081,stream_fetch_cleanup,,,network,,,2,True,52,baseline,150.50749700003507,,
,,,,2.4220710000000256,,,,,,,,,mysql:8.0,sha256:95f1309164f3465ca13aa0094587ee7322877800e801bb8430ac599ed803fb63,2,,,,62276,,,20.0,,,,,,mysql,,,,1000,267292,server_limit_1001,,,network,,,2,True,50,baseline,43.600619999779155,,
,,,,106.04776299999996,,,,,,,,,mysql:8.0,sha256:95f1309164f3465ca13aa0094587ee7322877800e801bb8430ac599ed803fb63,2,,,,62276,,,20.0,,,,,,mysql,,,,1000,13439025,buffered_cap_1000,,,network,,,2,True,39,baseline,156.8932299996959,,
,,,,0.8858979999999406,,,,,,,,,mysql:8.0,sha256:95f1309164f3465ca13aa0094587ee7322877800e801bb8430ac599ed803fb63,2,,,,62276,,,20.0,,,,,,mysql,,,,,247,connect_query_close,,,network,,,2,,231,baseline,186.4885469994988,,
,,,,132.564586,,,,,,,,,mysql:8.0,sha256:95f1309164f3465ca13aa0094587ee7322877800e801bb8430ac599ed803fb63,3,,,,62276,,,20.0,,,,,,mysql,,,,1000,13439025,buffered_cap_1000,,,network,,,3,True,39,baseline,179.30385199997545,,
,,,,2.7312760000000047,,80,,,,,,,mysql:8.0,sha256:95f1309164f3465ca13aa0094587ee7322877800e801bb8430ac599ed803fb63,3,,,,62276,,,20.0,,,,,,mysql,,,,,2400,metadata_batch,,,network,20,,3,,226,baseline,45.01692299982096,,
,,,,4.13771900000004,,80,,,,,,,mysql:8.0,sha256:95f1309164f3465ca13aa0094587ee7322877800e801bb8430ac599ed803fb63,3,,,,62276,,,20.0,,,,,,mysql,,,,,5840,metadata_one_query_per_table,,,network,20,,3,,4140,baseline,849.1025579996858,,
,,,,0.9652369999999522,,,,,,,,,mysql:8.0,sha256:95f1309164f3465ca13aa0094587ee7322877800e801bb8430ac599ed803fb63,3,,,,62276,,,20.0,,,,,,mysql,,,,,247,connect_query_close,,,network,,,3,,231,baseline,196.72794100006286,,
,,,,0.19660100000007397,,,,,,,,,mysql:8.0,sha256:95f1309164f3465ca13aa0094587ee7322877800e801bb8430ac599ed803fb63,3,,,,62276,,,20.0,,,,,,mysql,,,,,56,reuse_query,,,network,,,3,,13,baseline,41.96700800002873,,
,,,,3.723499000000019,,,,,,,,,mysql:8.0,sha256:95f1309164f3465ca13aa0094587ee7322877800e801bb8430ac599ed803fb63,3,,,,62276,,,20.0,,,,,,mysql,,,,1000,267292,server_limit_1001,,,network,,,3,True,50,baseline,49.49085199950787,,
,,,,7.537714000000029,,80,,,,,,,mysql:8.0,sha256:95f1309164f3465ca13aa0094587ee7322877800e801bb8430ac599ed803fb63,3,,,,62276,,,20.0,,,,,,mysql,,,,,6720,metadata_per_table,,,network,20,,3,,5960,baseline,1702.2137300000395,,
,,,,84.11703800000004,,,,,65.97577200045635,1835008,,,mysql:8.0,sha256:95f1309164f3465ca13aa0094587ee7322877800e801bb8430ac599ed803fb63,3,,,,62276,,,20.0,,,,,,mysql,,,,1000,13439081,stream_fetch_cleanup,,,network,,,3,True,52,baseline,208.52563199969154,,
,,,,84.39367500000006,,,,,47.197108000545995,1015808,,,mysql:8.0,sha256:95f1309164f3465ca13aa0094587ee7322877800e801bb8430ac599ed803fb63,4,,,,62276,,,20.0,,,,,,mysql,,,,1000,13439081,stream_fetch_cleanup,,,network,,,4,True,52,baseline,175.332177999735,,
,,,,4.0692229999999,,80,,,,,,,mysql:8.0,sha256:95f1309164f3465ca13aa0094587ee7322877800e801bb8430ac599ed803fb63,4,,,,62276,,,20.0,,,,,,mysql,,,,,5840,metadata_one_query_per_table,,,network,20,,4,,4140,baseline,842.2320939998826,,
,,,,1.0969919999999078,,,,,,,,,mysql:8.0,sha256:95f1309164f3465ca13aa0094587ee7322877800e801bb8430ac599ed803fb63,4,,,,62276,,,20.0,,,,,,mysql,,,,,247,connect_query_close,,,network,,,4,,231,baseline,188.31976700039377,,
,,,,7.03395699999998,,80,,,,,,,mysql:8.0,sha256:95f1309164f3465ca13aa0094587ee7322877800e801bb8430ac599ed803fb63,4,,,,62276,,,20.0,,,,,,mysql,,,,,6720,metadata_per_table,,,network,20,,4,,5960,baseline,1672.9967820001548,,
,,,,117.38265499999989,,,,,,,,,mysql:8.0,sha256:95f1309164f3465ca13aa0094587ee7322877800e801bb8430ac599ed803fb63,4,,,,62476,,,20.0,,,,,,mysql,,,,1000,13439025,buffered_cap_1000,,,network,,,4,True,39,baseline,161.76321100010682,,
,,,,2.298966999999985,,80,,,,,,,mysql:8.0,sha256:95f1309164f3465ca13aa0094587ee7322877800e801bb8430ac599ed803fb63,4,,,,62476,,,20.0,,,,,,mysql,,,,,2400,metadata_batch,,,network,20,,4,,226,baseline,44.30936000062502,,
,,,,2.85357399999997,,,,,,,,,mysql:8.0,sha256:95f1309164f3465ca13aa0094587ee7322877800e801bb8430ac599ed803fb63,4,,,,62476,,,20.0,,,,,,mysql,,,,1000,267292,server_limit_1001,,,network,,,4,True,50,baseline,44.043102000614454,,
,,,,0.24555999999997802,,,,,,,,,mysql:8.0,sha256:95f1309164f3465ca13aa0094587ee7322877800e801bb8430ac599ed803fb63,4,,,,62476,,,20.0,,,,,,mysql,,,,,56,reuse_query,,,network,,,4,,13,baseline,41.17997100001958,,
,,,,3.707702000000035,,80,,,,,,,mysql:8.0,sha256:95f1309164f3465ca13aa0094587ee7322877800e801bb8430ac599ed803fb63,5,,,,62476,,,20.0,,,,,,mysql,,,,,5840,metadata_one_query_per_table,,,network,20,,5,,4140,baseline,835.8901640003751,,
,,,,6.92390899999995,,80,,,,,,,mysql:8.0,sha256:95f1309164f3465ca13aa0094587ee7322877800e801bb8430ac599ed803fb63,5,,,,62476,,,20.0,,,,,,mysql,,,,,6720,metadata_per_table,,,network,20,,5,,5960,baseline,1674.5586280003408,,
,,,,2.9113419999999834,,,,,,,,,mysql:8.0,sha256:95f1309164f3465ca13aa0094587ee7322877800e801bb8430ac599ed803fb63,5,,,,62476,,,20.0,,,,,,mysql,,,,1000,267292,server_limit_1001,,,network,,,5,True,50,baseline,44.31444200054102,,
,,,,67.10710800000008,,,,,44.84870999931445,1507328,,,mysql:8.0,sha256:95f1309164f3465ca13aa0094587ee7322877800e801bb8430ac599ed803fb63,5,,,,62476,,,20.0,,,,,,mysql,,,,1000,13439081,stream_fetch_cleanup,,,network,,,5,True,52,baseline,161.23064200019144,,
,,,,0.4167340000000852,,80,,,,,,,mysql:8.0,sha256:95f1309164f3465ca13aa0094587ee7322877800e801bb8430ac599ed803fb63,5,,,,62476,,,20.0,,,,,,mysql,,,,,2400,metadata_batch,,,network,20,,5,,226,baseline,42.4046879998059,,
,,,,114.59147799999991,,,,,,,,,mysql:8.0,sha256:95f1309164f3465ca13aa0094587ee7322877800e801bb8430ac599ed803fb63,5,,,,62476,,,20.0,,,,,,mysql,,,,1000,13439025,buffered_cap_1000,,,network,,,5,True,39,baseline,159.2453929997646,,
,,,,2.1207530000000308,,,,,,,,,mysql:8.0,sha256:95f1309164f3465ca13aa0094587ee7322877800e801bb8430ac599ed803fb63,5,,,,62476,,,20.0,,,,,,mysql,,,,,56,reuse_query,,,network,,,5,,13,baseline,43.545990999518835,,
,,,,0.8963300000000007,,,,,,,,,mysql:8.0,sha256:95f1309164f3465ca13aa0094587ee7322877800e801bb8430ac599ed803fb63,5,,,,62476,,,20.0,,,,,,mysql,,,,,247,connect_query_close,,,network,,,5,,231,baseline,185.34774399995513,,
,,,,2.9330680000001497,,,,,,,,,mysql:8.0,sha256:95f1309164f3465ca13aa0094587ee7322877800e801bb8430ac599ed803fb63,6,,,,62476,,,20.0,,,,,,mysql,,,,1000,267292,server_limit_1001,,,network,,,6,True,50,baseline,44.16488199967716,,
,,,,121.03431499999995,,,,,,,,,mysql:8.0,sha256:95f1309164f3465ca13aa0094587ee7322877800e801bb8430ac599ed803fb63,6,,,,62476,,,20.0,,,,,,mysql,,,,1000,13439025,buffered_cap_1000,,,network,,,6,True,39,baseline,171.14625999965938,,
,,,,8.847700000000014,,80,,,,,,,mysql:8.0,sha256:95f1309164f3465ca13aa0094587ee7322877800e801bb8430ac599ed803fb63,6,,,,62476,,,20.0,,,,,,mysql,,,,,6720,metadata_per_table,,,network,20,,6,,5960,baseline,1672.215540000252,,
,,,,0.2419840000000839,,,,,,,,,mysql:8.0,sha256:95f1309164f3465ca13aa0094587ee7322877800e801bb8430ac599ed803fb63,6,,,,62476,,,20.0,,,,,,mysql,,,,,56,reuse_query,,,network,,,6,,13,baseline,44.15643800075486,,
,,,,0.43931799999996635,,80,,,,,,,mysql:8.0,sha256:95f1309164f3465ca13aa0094587ee7322877800e801bb8430ac599ed803fb63,6,,,,62476,,,20.0,,,,,,mysql,,,,,2400,metadata_batch,,,network,20,,6,,226,baseline,42.39209099978325,,
,,,,67.68978000000003,,,,,45.68973999994341,1212416,,,mysql:8.0,sha256:95f1309164f3465ca13aa0094587ee7322877800e801bb8430ac599ed803fb63,6,,,,62476,,,20.0,,,,,,mysql,,,,1000,13439081,stream_fetch_cleanup,,,network,,,6,True,52,baseline,160.2926670002489,,
,,,,0.8472479999999116,,,,,,,,,mysql:8.0,sha256:95f1309164f3465ca13aa0094587ee7322877800e801bb8430ac599ed803fb63,6,,,,62476,,,20.0,,,,,,mysql,,,,,247,connect_query_close,,,network,,,6,,231,baseline,184.75295600001118,,
,,,,3.992044999999944,,80,,,,,,,mysql:8.0,sha256:95f1309164f3465ca13aa0094587ee7322877800e801bb8430ac599ed803fb63,6,,,,62476,,,20.0,,,,,,mysql,,,,,5840,metadata_one_query_per_table,,,network,20,,6,,4140,baseline,838.5984440001266,,
,,,,0.9280259999999707,,,,,,,,,mysql:8.0,sha256:95f1309164f3465ca13aa0094587ee7322877800e801bb8430ac599ed803fb63,7,,,,62476,,,20.0,,,,,,mysql,,,,,247,connect_query_close,,,network,,,7,,231,baseline,185.86701300046116,,
,,,,116.75498399999995,,,,,,,,,mysql:8.0,sha256:95f1309164f3465ca13aa0094587ee7322877800e801bb8430ac599ed803fb63,7,,,,62476,,,20.0,,,,,,mysql,,,,1000,13439025,buffered_cap_1000,,,network,,,7,True,39,baseline,167.28615499960142,,
,,,,2.2566529999998863,,80,,,,,,,mysql:8.0,sha256:95f1309164f3465ca13aa0094587ee7322877800e801bb8430ac599ed803fb63,7,,,,62476,,,20.0,,,,,,mysql,,,,,2400,metadata_batch,,,network,20,,7,,226,baseline,44.17957700024999,,
,,,,0.18803299999992085,,,,,,,,,mysql:8.0,sha256:95f1309164f3465ca13aa0094587ee7322877800e801bb8430ac599ed803fb63,7,,,,62476,,,20.0,,,,,,mysql,,,,,56,reuse_query,,,network,,,7,,13,baseline,42.0184380000137,,
,,,,7.001821000000019,,80,,,,,,,mysql:8.0,sha256:95f1309164f3465ca13aa0094587ee7322877800e801bb8430ac599ed803fb63,7,,,,62476,,,20.0,,,,,,mysql,,,,,6720,metadata_per_table,,,network,20,,7,,5960,baseline,1669.9807490003877,,
,,,,3.9780929999999604,,80,,,,,,,mysql:8.0,sha256:95f1309164f3465ca13aa0094587ee7322877800e801bb8430ac599ed803fb63,7,,,,62476,,,20.0,,,,,,mysql,,,,,5840,metadata_one_query_per_table,,,network,20,,7,,4140,baseline,837.4807990003319,,
,,,,2.8504590000000274,,,,,,,,,mysql:8.0,sha256:95f1309164f3465ca13aa0094587ee7322877800e801bb8430ac599ed803fb63,7,,,,62476,,,20.0,,,,,,mysql,,,,1000,267292,server_limit_1001,,,network,,,7,True,50,baseline,44.07667899977241,,
,,,,66.99739399999993,,,,,45.17156500060082,1196032,,,mysql:8.0,sha256:95f1309164f3465ca13aa0094587ee7322877800e801bb8430ac599ed803fb63,7,,,,62476,,,20.0,,,,,,mysql,,,,1000,13439081,stream_fetch_cleanup,,,network,,,7,True,52,baseline,160.8221920005235,,
,,,,113.09836699999987,,,,,,,,,mysql:8.0,sha256:95f1309164f3465ca13aa0094587ee7322877800e801bb8430ac599ed803fb63,8,,,,62476,,,20.0,,,,,,mysql,,,,1000,13439025,buffered_cap_1000,,,network,,,8,True,39,baseline,158.2118320002337,,
,,,,8.63551100000004,,80,,,,,,,mysql:8.0,sha256:95f1309164f3465ca13aa0094587ee7322877800e801bb8430ac599ed803fb63,8,,,,62476,,,20.0,,,,,,mysql,,,,,6720,metadata_per_table,,,network,20,,8,,5960,baseline,1670.2242380006282,,
,,,,0.19427099999980157,,,,,,,,,mysql:8.0,sha256:95f1309164f3465ca13aa0094587ee7322877800e801bb8430ac599ed803fb63,8,,,,62476,,,20.0,,,,,,mysql,,,,,56,reuse_query,,,network,,,8,,13,baseline,41.028060999451554,,
,,,,0.4823140000000947,,80,,,,,,,mysql:8.0,sha256:95f1309164f3465ca13aa0094587ee7322877800e801bb8430ac599ed803fb63,8,,,,62476,,,20.0,,,,,,mysql,,,,,2400,metadata_batch,,,network,20,,8,,226,baseline,42.96685900044395,,
,,,,3.872612999999969,,80,,,,,,,mysql:8.0,sha256:95f1309164f3465ca13aa0094587ee7322877800e801bb8430ac599ed803fb63,8,,,,62476,,,20.0,,,,,,mysql,,,,,5840,metadata_one_query_per_table,,,network,20,,8,,4140,baseline,836.4204719991903,,
,,,,67.44291899999988,,,,,45.44457300016802,1998848,,,mysql:8.0,sha256:95f1309164f3465ca13aa0094587ee7322877800e801bb8430ac599ed803fb63,8,,,,62476,,,20.0,,,,,,mysql,,,,1000,13439081,stream_fetch_cleanup,,,network,,,8,True,52,baseline,156.20049399967684,,
,,,,0.8546049999997862,,,,,,,,,mysql:8.0,sha256:95f1309164f3465ca13aa0094587ee7322877800e801bb8430ac599ed803fb63,8,,,,62476,,,20.0,,,,,,mysql,,,,,247,connect_query_close,,,network,,,8,,231,baseline,185.02887900012865,,
,,,,2.9635849999998243,,,,,,,,,mysql:8.0,sha256:95f1309164f3465ca13aa0094587ee7322877800e801bb8430ac599ed803fb63,8,,,,62476,,,20.0,,,,,,mysql,,,,1000,267292,server_limit_1001,,,network,,,8,True,50,baseline,44.192076999934216,,
,,,,1.1939219999999862,,80,,,,,,,postgres:16-alpine,sha256:52f87503b2fe5ad2e0d209b1a55830db42eb3ecd3eaf1b583accb0091ab30bff,0,,,,39124,,,0.0,,,,,,postgresql,,,,,4820,metadata_one_query_per_table,,,network,20,,0,,15120,baseline,96.93037099987123,,
,,,,11.409507000000014,,,,,,,,,postgres:16-alpine,sha256:52f87503b2fe5ad2e0d209b1a55830db42eb3ecd3eaf1b583accb0091ab30bff,0,,,,55508,,,0.0,,,,,,postgresql,,,,1000,13788972,buffered_cap_1000,,,network,,,0,True,40,baseline,25.69303200016293,,
,,,,0.13991999999998783,,80,,,,,,,postgres:16-alpine,sha256:52f87503b2fe5ad2e0d209b1a55830db42eb3ecd3eaf1b583accb0091ab30bff,0,,,,55508,,,0.0,,,,,,postgresql,,,,,3720,metadata_batch,,,network,20,,0,,755,baseline,13.586199999735982,,
,,,,0.08949599999999447,,,,,,,,,postgres:16-alpine,sha256:52f87503b2fe5ad2e0d209b1a55830db42eb3ecd3eaf1b583accb0091ab30bff,0,,,,55508,,,0.0,,,,,,postgresql,,,,,66,reuse_query,,,network,,,0,,14,baseline,0.7153480000852142,,
,,,,0.7814849999999984,,,,,,,,,postgres:16-alpine,sha256:52f87503b2fe5ad2e0d209b1a55830db42eb3ecd3eaf1b583accb0091ab30bff,0,,,,55508,,,0.0,,,,,,postgresql,,,,1000,274245,server_limit_1001,,,network,,,0,True,51,baseline,1.705196999864711,,
,,,,0.5384230000000101,,,,,2.210197999374941,274287,,,postgres:16-alpine,sha256:52f87503b2fe5ad2e0d209b1a55830db42eb3ecd3eaf1b583accb0091ab30bff,0,,,,55508,,,0.0,,,,,,postgresql,,,,1000,274397,stream_fetch_cleanup,,,network,,,0,True,211,baseline,2.989916999467823,,
,,,,2.927898999999984,,,,,,,,,postgres:16-alpine,sha256:52f87503b2fe5ad2e0d209b1a55830db42eb3ecd3eaf1b583accb0091ab30bff,0,,,,55508,,,0.0,,,,,,postgresql,,,,,641,connect_query_close,,,network,,,0,,214,baseline,6.812020000324992,,
,,,,3.3611439999999826,,80,,,,,,,postgres:16-alpine,sha256:52f87503b2fe5ad2e0d209b1a55830db42eb3ecd3eaf1b583accb0091ab30bff,0,,,,55508,,,0.0,,,,,,postgresql,,,,,5320,metadata_per_table,,,network,20,,0,,9180,baseline,101.67090699997061,,
,,,,11.310039000000021,,,,,,,,,postgres:16-alpine,sha256:52f87503b2fe5ad2e0d209b1a55830db42eb3ecd3eaf1b583accb0091ab30bff,1,,,,55688,,,0.0,,,,,,postgresql,,,,1000,13788972,buffered_cap_1000,,,network,,,1,True,40,baseline,35.41744500034838,,
,,,,3.085463999999982,,,,,,,,,postgres:16-alpine,sha256:52f87503b2fe5ad2e0d209b1a55830db42eb3ecd3eaf1b583accb0091ab30bff,1,,,,55688,,,0.0,,,,,,postgresql,,,,,641,connect_query_close,,,network,,,1,,214,baseline,9.676280999883602,,
,,,,0.14366299999998833,,80,,,,,,,postgres:16-alpine,sha256:52f87503b2fe5ad2e0d209b1a55830db42eb3ecd3eaf1b583accb0091ab30bff,1,,,,55688,,,0.0,,,,,,postgresql,,,,,3720,metadata_batch,,,network,20,,1,,755,baseline,13.450427999487147,,
,,,,0.6356140000000066,,,,,1.9357419996595127,270379,,,postgres:16-alpine,sha256:52f87503b2fe5ad2e0d209b1a55830db42eb3ecd3eaf1b583accb0091ab30bff,1,,,,55688,,,0.0,,,,,,postgresql,,,,1000,274397,stream_fetch_cleanup,,,network,,,1,True,211,baseline,3.561028999683913,,
,,,,3.6677599999999924,,80,,,,,,,postgres:16-alpine,sha256:52f87503b2fe5ad2e0d209b1a55830db42eb3ecd3eaf1b583accb0091ab30bff,1,,,,55688,,,0.0,,,,,,postgresql,,,,,5320,metadata_per_table,,,network,20,,1,,9180,baseline,108.88791500019579,,
,,,,1.9205750000000077,,80,,,,,,,postgres:16-alpine,sha256:52f87503b2fe5ad2e0d209b1a55830db42eb3ecd3eaf1b583accb0091ab30bff,1,,,,55688,,,0.0,,,,,,postgresql,,,,,4820,metadata_one_query_per_table,,,network,20,,1,,15120,baseline,136.3120739997612,,
,,,,0.6528410000000151,,,,,,,,,postgres:16-alpine,sha256:52f87503b2fe5ad2e0d209b1a55830db42eb3ecd3eaf1b583accb0091ab30bff,1,,,,55688,,,0.0,,,,,,postgresql,,,,1000,274245,server_limit_1001,,,network,,,1,True,51,baseline,1.7227910002475255,,
,,,,0.09877999999999276,,,,,,,,,postgres:16-alpine,sha256:52f87503b2fe5ad2e0d209b1a55830db42eb3ecd3eaf1b583accb0091ab30bff,1,,,,55688,,,0.0,,,,,,postgresql,,,,,66,reuse_query,,,network,,,1,,14,baseline,0.5633509999825037,,
,,,,2.856757999999987,,80,,,,,,,postgres:16-alpine,sha256:52f87503b2fe5ad2e0d209b1a55830db42eb3ecd3eaf1b583accb0091ab30bff,2,,,,55688,,,0.0,,,,,,postgresql,,,,,5320,metadata_per_table,,,network,20,,2,,9180,baseline,95.03981399939221,,
,,,,1.6820359999999979,,80,,,,,,,postgres:16-alpine,sha256:52f87503b2fe5ad2e0d209b1a55830db42eb3ecd3eaf1b583accb0091ab30bff,2,,,,55688,,,0.0,,,,,,postgresql,,,,,4820,metadata_one_query_per_table,,,network,20,,2,,15120,baseline,119.99788800039823,,
,,,,0.11025400000000407,,,,,,,,,postgres:16-alpine,sha256:52f87503b2fe5ad2e0d209b1a55830db42eb3ecd3eaf1b583accb0091ab30bff,2,,,,55688,,,0.0,,,,,,postgresql,,,,,66,reuse_query,,,network,,,2,,14,baseline,0.5667519999406068,,
,,,,0.15575800000000584,,80,,,,,,,postgres:16-alpine,sha256:52f87503b2fe5ad2e0d209b1a55830db42eb3ecd3eaf1b583accb0091ab30bff,2,,,,55688,,,0.0,,,,,,postgresql,,,,,3720,metadata_batch,,,network,20,,2,,755,baseline,14.659942999969644,,
,,,,0.43765099999998336,,,,,1.8284699999639997,274287,,,postgres:16-alpine,sha256:52f87503b2fe5ad2e0d209b1a55830db42eb3ecd3eaf1b583accb0091ab30bff,2,,,,55688,,,0.0,,,,,,postgresql,,,,1000,274397,stream_fetch_cleanup,,,network,,,2,True,211,baseline,2.28661000073771,,
,,,,0.6229719999999994,,,,,,,,,postgres:16-alpine,sha256:52f87503b2fe5ad2e0d209b1a55830db42eb3ecd3eaf1b583accb0091ab30bff,2,,,,55688,,,0.0,,,,,,postgresql,,,,1000,274245,server_limit_1001,,,network,,,2,True,51,baseline,1.5154900002016802,,
,,,,11.450286000000004,,,,,,,,,postgres:16-alpine,sha256:52f87503b2fe5ad2e0d209b1a55830db42eb3ecd3eaf1b583accb0091ab30bff,2,,,,55768,,,0.0,,,,,,postgresql,,,,1000,13788972,buffered_cap_1000,,,network,,,2,True,40,baseline,22.917940999832354,,
,,,,3.005886999999985,,,,,,,,,postgres:16-alpine,sha256:52f87503b2fe5ad2e0d209b1a55830db42eb3ecd3eaf1b583accb0091ab30bff,2,,,,55768,,,0.0,,,,,,postgresql,,,,,641,connect_query_close,,,network,,,2,,214,baseline,7.666652999432699,,
,,,,11.156949,,,,,,,,,postgres:16-alpine,sha256:52f87503b2fe5ad2e0d209b1a55830db42eb3ecd3eaf1b583accb0091ab30bff,3,,,,55768,,,0.0,,,,,,postgresql,,,,1000,13788972,buffered_cap_1000,,,network,,,3,True,40,baseline,22.550022000359604,,
,,,,0.1591209999999843,,80,,,,,,,postgres:16-alpine,sha256:52f87503b2fe5ad2e0d209b1a55830db42eb3ecd3eaf1b583accb0091ab30bff,3,,,,55768,,,0.0,,,,,,postgresql,,,,,3720,metadata_batch,,,network,20,,3,,755,baseline,14.325459999781742,,
,,,,1.3352299999999928,,80,,,,,,,postgres:16-alpine,sha256:52f87503b2fe5ad2e0d209b1a55830db42eb3ecd3eaf1b583accb0091ab30bff,3,,,,55768,,,0.0,,,,,,postgresql,,,,,4820,metadata_one_query_per_table,,,network,20,,3,,15120,baseline,106.55865900025674,,
,,,,2.8939799999999902,,,,,,,,,postgres:16-alpine,sha256:52f87503b2fe5ad2e0d209b1a55830db42eb3ecd3eaf1b583accb0091ab30bff,3,,,,55768,,,0.0,,,,,,postgresql,,,,,641,connect_query_close,,,network,,,3,,214,baseline,6.5842720005093724,,
,,,,0.09150800000001791,,,,,,,,,postgres:16-alpine,sha256:52f87503b2fe5ad2e0d209b1a55830db42eb3ecd3eaf1b583accb0091ab30bff,3,,,,55768,,,0.0,,,,,,postgresql,,,,,66,reuse_query,,,network,,,3,,14,baseline,0.472114000331203,,
,,,,0.7144490000000059,,,,,,,,,postgres:16-alpine,sha256:52f87503b2fe5ad2e0d209b1a55830db42eb3ecd3eaf1b583accb0091ab30bff,3,,,,55768,,,0.0,,,,,,postgresql,,,,1000,274245,server_limit_1001,,,network,,,3,True,51,baseline,1.4018239999131765,,
,,,,2.653763000000003,,80,,,,,,,postgres:16-alpine,sha256:52f87503b2fe5ad2e0d209b1a55830db42eb3ecd3eaf1b583accb0091ab30bff,3,,,,55768,,,0.0,,,,,,postgresql,,,,,5320,metadata_per_table,,,network,20,,3,,9180,baseline,89.00804199947743,,
,,,,0.41720000000000645,,,,,1.5534140002273489,274287,,,postgres:16-alpine,sha256:52f87503b2fe5ad2e0d209b1a55830db42eb3ecd3eaf1b583accb0091ab30bff,3,,,,55768,,,0.0,,,,,,postgresql,,,,1000,274397,stream_fetch_cleanup,,,network,,,3,True,211,baseline,2.0070069995199447,,
,,,,0.4263809999999757,,,,,1.6028820000428823,274287,,,postgres:16-alpine,sha256:52f87503b2fe5ad2e0d209b1a55830db42eb3ecd3eaf1b583accb0091ab30bff,4,,,,55768,,,0.0,,,,,,postgresql,,,,1000,274397,stream_fetch_cleanup,,,network,,,4,True,211,baseline,2.03651300034835,,
,,,,1.436737999999993,,80,,,,,,,postgres:16-alpine,sha256:52f87503b2fe5ad2e0d209b1a55830db42eb3ecd3eaf1b583accb0091ab30bff,4,,,,55768,,,0.0,,,,,,postgresql,,,,,4820,metadata_one_query_per_table,,,network,20,,4,,15120,baseline,110.80640700038202,,
,,,,3.1129209999999907,,,,,,,,,postgres:16-alpine,sha256:52f87503b2fe5ad2e0d209b1a55830db42eb3ecd3eaf1b583accb0091ab30bff,4,,,,55768,,,0.0,,,,,,postgresql,,,,,641,connect_query_close,,,network,,,4,,214,baseline,8.78552700032742,,
,,,,3.239921000000007,,80,,,,,,,postgres:16-alpine,sha256:52f87503b2fe5ad2e0d209b1a55830db42eb3ecd3eaf1b583accb0091ab30bff,4,,,,55768,,,0.0,,,,,,postgresql,,,,,5320,metadata_per_table,,,network,20,,4,,9180,baseline,100.24902199984354,,
,,,,11.726698000000008,,,,,,,,,postgres:16-alpine,sha256:52f87503b2fe5ad2e0d209b1a55830db42eb3ecd3eaf1b583accb0091ab30bff,4,,,,55768,,,0.0,,,,,,postgresql,,,,1000,13788972,buffered_cap_1000,,,network,,,4,True,40,baseline,32.36764699977357,,
,,,,0.1706350000000023,,80,,,,,,,postgres:16-alpine,sha256:52f87503b2fe5ad2e0d209b1a55830db42eb3ecd3eaf1b583accb0091ab30bff,4,,,,55768,,,0.0,,,,,,postgresql,,,,,3720,metadata_batch,,,network,20,,4,,755,baseline,13.885102999665833,,
,,,,0.6489100000000025,,,,,,,,,postgres:16-alpine,sha256:52f87503b2fe5ad2e0d209b1a55830db42eb3ecd3eaf1b583accb0091ab30bff,4,,,,55768,,,0.0,,,,,,postgresql,,,,1000,274245,server_limit_1001,,,network,,,4,True,51,baseline,2.041831000497041,,
,,,,0.08840500000001361,,,,,,,,,postgres:16-alpine,sha256:52f87503b2fe5ad2e0d209b1a55830db42eb3ecd3eaf1b583accb0091ab30bff,4,,,,55768,,,0.0,,,,,,postgresql,,,,,66,reuse_query,,,network,,,4,,14,baseline,0.8486780006933259,,
,,,,1.7010550000000069,,80,,,,,,,postgres:16-alpine,sha256:52f87503b2fe5ad2e0d209b1a55830db42eb3ecd3eaf1b583accb0091ab30bff,5,,,,55768,,,0.0,,,,,,postgresql,,,,,4820,metadata_one_query_per_table,,,network,20,,5,,15120,baseline,119.18997999964631,,
,,,,3.4866350000000157,,80,,,,,,,postgres:16-alpine,sha256:52f87503b2fe5ad2e0d209b1a55830db42eb3ecd3eaf1b583accb0091ab30bff,5,,,,55768,,,0.0,,,,,,postgresql,,,,,5320,metadata_per_table,,,network,20,,5,,9180,baseline,102.34718199990311,,
,,,,0.6466169999999605,,,,,,,,,postgres:16-alpine,sha256:52f87503b2fe5ad2e0d209b1a55830db42eb3ecd3eaf1b583accb0091ab30bff,5,,,,55768,,,0.0,,,,,,postgresql,,,,1000,274245,server_limit_1001,,,network,,,5,True,51,baseline,1.5031949997137417,,
,,,,0.42001600000002304,,,,,2.1545419995163684,274287,,,postgres:16-alpine,sha256:52f87503b2fe5ad2e0d209b1a55830db42eb3ecd3eaf1b583accb0091ab30bff,5,,,,55768,,,0.0,,,,,,postgresql,,,,1000,274397,stream_fetch_cleanup,,,network,,,5,True,211,baseline,2.87224600015179,,
,,,,0.15074799999997834,,80,,,,,,,postgres:16-alpine,sha256:52f87503b2fe5ad2e0d209b1a55830db42eb3ecd3eaf1b583accb0091ab30bff,5,,,,55768,,,0.0,,,,,,postgresql,,,,,3720,metadata_batch,,,network,20,,5,,755,baseline,15.218595999613171,,
,,,,12.038658000000035,,,,,,,,,postgres:16-alpine,sha256:52f87503b2fe5ad2e0d209b1a55830db42eb3ecd3eaf1b583accb0091ab30bff,5,,,,55768,,,0.0,,,,,,postgresql,,,,1000,13788972,buffered_cap_1000,,,network,,,5,True,40,baseline,26.21001000079559,,
,,,,0.09566700000002148,,,,,,,,,postgres:16-alpine,sha256:52f87503b2fe5ad2e0d209b1a55830db42eb3ecd3eaf1b583accb0091ab30bff,5,,,,55768,,,0.0,,,,,,postgresql,,,,,66,reuse_query,,,network,,,5,,14,baseline,0.497431000439974,,
,,,,3.0862580000000084,,,,,,,,,postgres:16-alpine,sha256:52f87503b2fe5ad2e0d209b1a55830db42eb3ecd3eaf1b583accb0091ab30bff,5,,,,55768,,,0.0,,,,,,postgresql,,,,,641,connect_query_close,,,network,,,5,,214,baseline,7.936201999655168,,
,,,,0.7020919999999875,,,,,,,,,postgres:16-alpine,sha256:52f87503b2fe5ad2e0d209b1a55830db42eb3ecd3eaf1b583accb0091ab30bff,6,,,,55768,,,0.0,,,,,,postgresql,,,,1000,274245,server_limit_1001,,,network,,,6,True,51,baseline,2.0864389998678234,,
,,,,11.44298199999999,,,,,,,,,postgres:16-alpine,sha256:52f87503b2fe5ad2e0d209b1a55830db42eb3ecd3eaf1b583accb0091ab30bff,6,,,,55768,,,0.0,,,,,,postgresql,,,,1000,13788972,buffered_cap_1000,,,network,,,6,True,40,baseline,27.80324200011819,,
,,,,3.098693000000041,,80,,,,,,,postgres:16-alpine,sha256:52f87503b2fe5ad2e0d209b1a55830db42eb3ecd3eaf1b583accb0091ab30bff,6,,,,55768,,,0.0,,,,,,postgresql,,,,,5320,metadata_per_table,,,network,20,,6,,9180,baseline,96.77414799989492,,
,,,,0.10917600000004413,,,,,,,,,postgres:16-alpine,sha256:52f87503b2fe5ad2e0d209b1a55830db42eb3ecd3eaf1b583accb0091ab30bff,6,,,,55768,,,0.0,,,,,,postgresql,,,,,66,reuse_query,,,network,,,6,,14,baseline,0.5438790003609029,,
,,,,0.1437400000000033,,80,,,,,,,postgres:16-alpine,sha256:52f87503b2fe5ad2e0d209b1a55830db42eb3ecd3eaf1b583accb0091ab30bff,6,,,,55768,,,0.0,,,,,,postgresql,,,,,3720,metadata_batch,,,network,20,,6,,755,baseline,14.209642999958305,,
,,,,0.6165140000000124,,,,,1.803741000003356,274287,,,postgres:16-alpine,sha256:52f87503b2fe5ad2e0d209b1a55830db42eb3ecd3eaf1b583accb0091ab30bff,6,,,,55768,,,0.0,,,,,,postgresql,,,,1000,274397,stream_fetch_cleanup,,,network,,,6,True,211,baseline,2.396350999333663,,
,,,,3.0281770000000208,,,,,,,,,postgres:16-alpine,sha256:52f87503b2fe5ad2e0d209b1a55830db42eb3ecd3eaf1b583accb0091ab30bff,6,,,,55768,,,0.0,,,,,,postgresql,,,,,641,connect_query_close,,,network,,,6,,214,baseline,7.870397999795387,,
,,,,1.4632799999999557,,80,,,,,,,postgres:16-alpine,sha256:52f87503b2fe5ad2e0d209b1a55830db42eb3ecd3eaf1b583accb0091ab30bff,6,,,,55768,,,0.0,,,,,,postgresql,,,,,4820,metadata_one_query_per_table,,,network,20,,6,,15120,baseline,110.12776100051269,,
,,,,2.9286900000000116,,,,,,,,,postgres:16-alpine,sha256:52f87503b2fe5ad2e0d209b1a55830db42eb3ecd3eaf1b583accb0091ab30bff,7,,,,55768,,,0.0,,,,,,postgresql,,,,,641,connect_query_close,,,network,,,7,,214,baseline,8.206066999264294,,
,,,,11.091021000000033,,,,,,,,,postgres:16-alpine,sha256:52f87503b2fe5ad2e0d209b1a55830db42eb3ecd3eaf1b583accb0091ab30bff,7,,,,55768,,,0.0,,,,,,postgresql,,,,1000,13788972,buffered_cap_1000,,,network,,,7,True,40,baseline,22.381431999747292,,
,,,,0.15658899999998477,,80,,,,,,,postgres:16-alpine,sha256:52f87503b2fe5ad2e0d209b1a55830db42eb3ecd3eaf1b583accb0091ab30bff,7,,,,55768,,,0.0,,,,,,postgresql,,,,,3720,metadata_batch,,,network,20,,7,,755,baseline,15.277500000593136,,
,,,,0.09869299999998304,,,,,,,,,postgres:16-alpine,sha256:52f87503b2fe5ad2e0d209b1a55830db42eb3ecd3eaf1b583accb0091ab30bff,7,,,,55768,,,0.0,,,,,,postgresql,,,,,66,reuse_query,,,network,,,7,,14,baseline,0.5035269996369607,,
,,,,2.977985999999988,,80,,,,,,,postgres:16-alpine,sha256:52f87503b2fe5ad2e0d209b1a55830db42eb3ecd3eaf1b583accb0091ab30bff,7,,,,55768,,,0.0,,,,,,postgresql,,,,,5320,metadata_per_table,,,network,20,,7,,9180,baseline,95.30875600012223,,
,,,,1.4316970000000095,,80,,,,,,,postgres:16-alpine,sha256:52f87503b2fe5ad2e0d209b1a55830db42eb3ecd3eaf1b583accb0091ab30bff,7,,,,55768,,,0.0,,,,,,postgresql,,,,,4820,metadata_one_query_per_table,,,network,20,,7,,15120,baseline,102.05970100014383,,
,,,,0.6709190000000476,,,,,,,,,postgres:16-alpine,sha256:52f87503b2fe5ad2e0d209b1a55830db42eb3ecd3eaf1b583accb0091ab30bff,7,,,,55768,,,0.0,,,,,,postgresql,,,,1000,274245,server_limit_1001,,,network,,,7,True,51,baseline,1.4508150006804499,,
,,,,0.5027820000000349,,,,,1.6171140005099005,274287,,,postgres:16-alpine,sha256:52f87503b2fe5ad2e0d209b1a55830db42eb3ecd3eaf1b583accb0091ab30bff,7,,,,55768,,,0.0,,,,,,postgresql,,,,1000,274397,stream_fetch_cleanup,,,network,,,7,True,211,baseline,2.370528000028571,,
,,,,10.815768000000004,,,,,,,,,postgres:16-alpine,sha256:52f87503b2fe5ad2e0d209b1a55830db42eb3ecd3eaf1b583accb0091ab30bff,8,,,,55768,,,0.0,,,,,,postgresql,,,,1000,13788972,buffered_cap_1000,,,network,,,8,True,40,baseline,18.42551099980483,,
,,,,2.1713890000000236,,80,,,,,,,postgres:16-alpine,sha256:52f87503b2fe5ad2e0d209b1a55830db42eb3ecd3eaf1b583accb0091ab30bff,8,,,,55768,,,0.0,,,,,,postgresql,,,,,5320,metadata_per_table,,,network,20,,8,,9180,baseline,79.82055499996932,,
,,,,0.12574200000003977,,,,,,,,,postgres:16-alpine,sha256:52f87503b2fe5ad2e0d209b1a55830db42eb3ecd3eaf1b583accb0091ab30bff,8,,,,55768,,,0.0,,,,,,postgresql,,,,,66,reuse_query,,,network,,,8,,14,baseline,0.611983999988297,,
,,,,0.14347200000003335,,80,,,,,,,postgres:16-alpine,sha256:52f87503b2fe5ad2e0d209b1a55830db42eb3ecd3eaf1b583accb0091ab30bff,8,,,,55768,,,0.0,,,,,,postgresql,,,,,3720,metadata_batch,,,network,20,,8,,755,baseline,15.80471800025407,,
,,,,1.1150329999999875,,80,,,,,,,postgres:16-alpine,sha256:52f87503b2fe5ad2e0d209b1a55830db42eb3ecd3eaf1b583accb0091ab30bff,8,,,,55768,,,0.0,,,,,,postgresql,,,,,4820,metadata_one_query_per_table,,,network,20,,8,,15120,baseline,99.15076800007228,,
,,,,0.5385709999999877,,,,,1.6696510001565912,274287,,,postgres:16-alpine,sha256:52f87503b2fe5ad2e0d209b1a55830db42eb3ecd3eaf1b583accb0091ab30bff,8,,,,55768,,,0.0,,,,,,postgresql,,,,1000,274397,stream_fetch_cleanup,,,network,,,8,True,211,baseline,2.4047790002441616,,
,,,,2.8282740000000195,,,,,,,,,postgres:16-alpine,sha256:52f87503b2fe5ad2e0d209b1a55830db42eb3ecd3eaf1b583accb0091ab30bff,8,,,,55768,,,0.0,,,,,,postgresql,,,,,641,connect_query_close,,,network,,,8,,214,baseline,7.988705000570917,,
,,,,0.6576099999999752,,,,,,,,,postgres:16-alpine,sha256:52f87503b2fe5ad2e0d209b1a55830db42eb3ecd3eaf1b583accb0091ab30bff,8,,,,55768,,,0.0,,,,,,postgresql,,,,1000,274245,server_limit_1001,,,network,,,8,True,51,baseline,1.4076580000619288,,
,,,,2.763558999999999,,80,,,,,,,postgres:16-alpine,sha256:52f87503b2fe5ad2e0d209b1a55830db42eb3ecd3eaf1b583accb0091ab30bff,0,,,,38908,,,20.0,,,,,,postgresql,,,,,4820,metadata_one_query_per_table,,,network,20,,0,,15120,baseline,920.3269919999002,,
,,,,11.724404000000007,,,,,,,,,postgres:16-alpine,sha256:52f87503b2fe5ad2e0d209b1a55830db42eb3ecd3eaf1b583accb0091ab30bff,0,,,,55292,,,20.0,,,,,,postgresql,,,,1000,13788972,buffered_cap_1000,,,network,,,0,True,40,baseline,110.61880799934443,,
,,,,0.20565499999999903,,80,,,,,,,postgres:16-alpine,sha256:52f87503b2fe5ad2e0d209b1a55830db42eb3ecd3eaf1b583accb0091ab30bff,0,,,,55292,,,20.0,,,,,,postgresql,,,,,3720,metadata_batch,,,network,20,,0,,755,baseline,56.56019599973661,,
,,,,0.1482770000000022,,,,,,,,,postgres:16-alpine,sha256:52f87503b2fe5ad2e0d209b1a55830db42eb3ecd3eaf1b583accb0091ab30bff,0,,,,55292,,,20.0,,,,,,postgresql,,,,,66,reuse_query,,,network,,,0,,14,baseline,41.094191999945906,,
,,,,0.8829000000000059,,,,,,,,,postgres:16-alpine,sha256:52f87503b2fe5ad2e0d209b1a55830db42eb3ecd3eaf1b583accb0091ab30bff,0,,,,55292,,,20.0,,,,,,postgresql,,,,1000,274245,server_limit_1001,,,network,,,0,True,51,baseline,42.62468600063585,,
,,,,1.203937000000002,,,,,125.26264500047546,274287,,,postgres:16-alpine,sha256:52f87503b2fe5ad2e0d209b1a55830db42eb3ecd3eaf1b583accb0091ab30bff,0,,,,55292,,,20.0,,,,,,postgresql,,,,1000,274397,stream_fetch_cleanup,,,network,,,0,True,211,baseline,248.5710070004643,,
,,,,2.66748,,,,,,,,,postgres:16-alpine,sha256:52f87503b2fe5ad2e0d209b1a55830db42eb3ecd3eaf1b583accb0091ab30bff,0,,,,55292,,,20.0,,,,,,postgresql,,,,,641,connect_query_close,,,network,,,0,,214,baseline,167.3877339999308,,
,,,,5.375315000000006,,80,,,,,,,postgres:16-alpine,sha256:52f87503b2fe5ad2e0d209b1a55830db42eb3ecd3eaf1b583accb0091ab30bff,0,,,,55292,,,20.0,,,,,,postgresql,,,,,5320,metadata_per_table,,,network,20,,0,,9180,baseline,1724.68700599984,,
,,,,9.852442999999989,,,,,,,,,postgres:16-alpine,sha256:52f87503b2fe5ad2e0d209b1a55830db42eb3ecd3eaf1b583accb0091ab30bff,1,,,,55364,,,20.0,,,,,,postgresql,,,,1000,13788972,buffered_cap_1000,,,network,,,1,True,40,baseline,110.11148499983392,,
,,,,2.6772979999999946,,,,,,,,,postgres:16-alpine,sha256:52f87503b2fe5ad2e0d209b1a55830db42eb3ecd3eaf1b583accb0091ab30bff,1,,,,55364,,,20.0,,,,,,postgresql,,,,,641,connect_query_close,,,network,,,1,,214,baseline,173.6044100007348,,
,,,,0.15762599999999405,,80,,,,,,,postgres:16-alpine,sha256:52f87503b2fe5ad2e0d209b1a55830db42eb3ecd3eaf1b583accb0091ab30bff,1,,,,55364,,,20.0,,,,,,postgresql,,,,,3720,metadata_batch,,,network,20,,1,,755,baseline,55.63110599996435,,
,,,,0.6918569999999902,,,,,125.27097400015919,274287,,,postgres:16-alpine,sha256:52f87503b2fe5ad2e0d209b1a55830db42eb3ecd3eaf1b583accb0091ab30bff,1,,,,55364,,,20.0,,,,,,postgresql,,,,1000,274397,stream_fetch_cleanup,,,network,,,1,True,211,baseline,249.90206900019984,,
,,,,4.315757999999975,,80,,,,,,,postgres:16-alpine,sha256:52f87503b2fe5ad2e0d209b1a55830db42eb3ecd3eaf1b583accb0091ab30bff,1,,,,55364,,,20.0,,,,,,postgresql,,,,,5320,metadata_per_table,,,network,20,,1,,9180,baseline,1723.191338000106,,
,,,,2.0690200000000045,,80,,,,,,,postgres:16-alpine,sha256:52f87503b2fe5ad2e0d209b1a55830db42eb3ecd3eaf1b583accb0091ab30bff,1,,,,55364,,,20.0,,,,,,postgresql,,,,,4820,metadata_one_query_per_table,,,network,20,,1,,15120,baseline,926.223168999968,,
,,,,0.7150510000000221,,,,,,,,,postgres:16-alpine,sha256:52f87503b2fe5ad2e0d209b1a55830db42eb3ecd3eaf1b583accb0091ab30bff,1,,,,55364,,,20.0,,,,,,postgresql,,,,1000,274245,server_limit_1001,,,network,,,1,True,51,baseline,43.34550499970646,,
,,,,0.14770599999999745,,,,,,,,,postgres:16-alpine,sha256:52f87503b2fe5ad2e0d209b1a55830db42eb3ecd3eaf1b583accb0091ab30bff,1,,,,55364,,,20.0,,,,,,postgresql,,,,,66,reuse_query,,,network,,,1,,14,baseline,41.07211800055666,,
,,,,4.887831000000009,,80,,,,,,,postgres:16-alpine,sha256:52f87503b2fe5ad2e0d209b1a55830db42eb3ecd3eaf1b583accb0091ab30bff,2,,,,55364,,,20.0,,,,,,postgresql,,,,,5320,metadata_per_table,,,network,20,,2,,9180,baseline,1730.6113719996574,,
,,,,2.0748680000000075,,80,,,,,,,postgres:16-alpine,sha256:52f87503b2fe5ad2e0d209b1a55830db42eb3ecd3eaf1b583accb0091ab30bff,2,,,,55364,,,20.0,,,,,,postgresql,,,,,4820,metadata_one_query_per_table,,,network,20,,2,,15120,baseline,913.1202600001416,,
,,,,0.14888400000001578,,,,,,,,,postgres:16-alpine,sha256:52f87503b2fe5ad2e0d209b1a55830db42eb3ecd3eaf1b583accb0091ab30bff,2,,,,55364,,,20.0,,,,,,postgresql,,,,,66,reuse_query,,,network,,,2,,14,baseline,41.467190000730625,,
,,,,0.21386700000000647,,80,,,,,,,postgres:16-alpine,sha256:52f87503b2fe5ad2e0d209b1a55830db42eb3ecd3eaf1b583accb0091ab30bff,2,,,,55364,,,20.0,,,,,,postgresql,,,,,3720,metadata_batch,,,network,20,,2,,755,baseline,51.55905600076949,,
,,,,0.974052000000003,,,,,124.05221099925257,274287,,,postgres:16-alpine,sha256:52f87503b2fe5ad2e0d209b1a55830db42eb3ecd3eaf1b583accb0091ab30bff,2,,,,55364,,,20.0,,,,,,postgresql,,,,1000,274397,stream_fetch_cleanup,,,network,,,2,True,211,baseline,247.9879520005852,,
,,,,0.7443619999999984,,,,,,,,,postgres:16-alpine,sha256:52f87503b2fe5ad2e0d209b1a55830db42eb3ecd3eaf1b583accb0091ab30bff,2,,,,55364,,,20.0,,,,,,postgresql,,,,1000,274245,server_limit_1001,,,network,,,2,True,51,baseline,42.35583500030771,,
,,,,10.754949000000014,,,,,,,,,postgres:16-alpine,sha256:52f87503b2fe5ad2e0d209b1a55830db42eb3ecd3eaf1b583accb0091ab30bff,2,,,,55420,,,20.0,,,,,,postgresql,,,,1000,13788972,buffered_cap_1000,,,network,,,2,True,40,baseline,111.02272199968866,,
,,,,2.580380000000021,,,,,,,,,postgres:16-alpine,sha256:52f87503b2fe5ad2e0d209b1a55830db42eb3ecd3eaf1b583accb0091ab30bff,2,,,,55420,,,20.0,,,,,,postgresql,,,,,641,connect_query_close,,,network,,,2,,214,baseline,169.4722170004752,,
,,,,9.876417999999997,,,,,,,,,postgres:16-alpine,sha256:52f87503b2fe5ad2e0d209b1a55830db42eb3ecd3eaf1b583accb0091ab30bff,3,,,,55420,,,20.0,,,,,,postgresql,,,,1000,13788972,buffered_cap_1000,,,network,,,3,True,40,baseline,110.71399599950382,,
,,,,0.15680000000001248,,80,,,,,,,postgres:16-alpine,sha256:52f87503b2fe5ad2e0d209b1a55830db42eb3ecd3eaf1b583accb0091ab30bff,3,,,,55420,,,20.0,,,,,,postgresql,,,,,3720,metadata_batch,,,network,20,,3,,755,baseline,52.85957299929578,,
,,,,2.168422000000003,,80,,,,,,,postgres:16-alpine,sha256:52f87503b2fe5ad2e0d209b1a55830db42eb3ecd3eaf1b583accb0091ab30bff,3,,,,55420,,,20.0,,,,,,postgresql,,,,,4820,metadata_one_query_per_table,,,network,20,,3,,15120,baseline,947.7633870001227,,
,,,,2.6268190000000025,,,,,,,,,postgres:16-alpine,sha256:52f87503b2fe5ad2e0d209b1a55830db42eb3ecd3eaf1b583accb0091ab30bff,3,,,,55420,,,20.0,,,,,,postgresql,,,,,641,connect_query_close,,,network,,,3,,214,baseline,172.725944999911,,
,,,,0.13653399999999372,,,,,,,,,postgres:16-alpine,sha256:52f87503b2fe5ad2e0d209b1a55830db42eb3ecd3eaf1b583accb0091ab30bff,3,,,,55420,,,20.0,,,,,,postgresql,,,,,66,reuse_query,,,network,,,3,,14,baseline,40.96977900007914,,
,,,,0.741102999999993,,,,,,,,,postgres:16-alpine,sha256:52f87503b2fe5ad2e0d209b1a55830db42eb3ecd3eaf1b583accb0091ab30bff,3,,,,55420,,,20.0,,,,,,postgresql,,,,1000,274245,server_limit_1001,,,network,,,3,True,51,baseline,42.339044000073045,,
,,,,4.702164000000009,,80,,,,,,,postgres:16-alpine,sha256:52f87503b2fe5ad2e0d209b1a55830db42eb3ecd3eaf1b583accb0091ab30bff,3,,,,55420,,,20.0,,,,,,postgresql,,,,,5320,metadata_per_table,,,network,20,,3,,9180,baseline,1725.607301999844,,
,,,,1.025098000000002,,,,,125.68836899936286,274287,,,postgres:16-alpine,sha256:52f87503b2fe5ad2e0d209b1a55830db42eb3ecd3eaf1b583accb0091ab30bff,3,,,,55420,,,20.0,,,,,,postgresql,,,,1000,274397,stream_fetch_cleanup,,,network,,,3,True,211,baseline,249.23554599990894,,
,,,,1.0802650000000247,,,,,125.65846699999383,274287,,,postgres:16-alpine,sha256:52f87503b2fe5ad2e0d209b1a55830db42eb3ecd3eaf1b583accb0091ab30bff,4,,,,55420,,,20.0,,,,,,postgresql,,,,1000,274397,stream_fetch_cleanup,,,network,,,4,True,211,baseline,248.7985480001953,,
,,,,3.166514000000009,,80,,,,,,,postgres:16-alpine,sha256:52f87503b2fe5ad2e0d209b1a55830db42eb3ecd3eaf1b583accb0091ab30bff,4,,,,55420,,,20.0,,,,,,postgresql,,,,,4820,metadata_one_query_per_table,,,network,20,,4,,15120,baseline,909.6802189997106,,
,,,,3.8562489999999783,,,,,,,,,postgres:16-alpine,sha256:52f87503b2fe5ad2e0d209b1a55830db42eb3ecd3eaf1b583accb0091ab30bff,4,,,,55420,,,20.0,,,,,,postgresql,,,,,641,connect_query_close,,,network,,,4,,214,baseline,170.0598560000799,,
,,,,4.753112000000003,,80,,,,,,,postgres:16-alpine,sha256:52f87503b2fe5ad2e0d209b1a55830db42eb3ecd3eaf1b583accb0091ab30bff,4,,,,55420,,,20.0,,,,,,postgresql,,,,,5320,metadata_per_table,,,network,20,,4,,9180,baseline,1713.4796279997317,,
,,,,10.918733999999986,,,,,,,,,postgres:16-alpine,sha256:52f87503b2fe5ad2e0d209b1a55830db42eb3ecd3eaf1b583accb0091ab30bff,4,,,,55436,,,20.0,,,,,,postgresql,,,,1000,13788972,buffered_cap_1000,,,network,,,4,True,40,baseline,110.29112199958035,,
,,,,0.17504800000001097,,80,,,,,,,postgres:16-alpine,sha256:52f87503b2fe5ad2e0d209b1a55830db42eb3ecd3eaf1b583accb0091ab30bff,4,,,,55436,,,20.0,,,,,,postgresql,,,,,3720,metadata_batch,,,network,20,,4,,755,baseline,50.81383599917899,,
,,,,0.8082989999999846,,,,,,,,,postgres:16-alpine,sha256:52f87503b2fe5ad2e0d209b1a55830db42eb3ecd3eaf1b583accb0091ab30bff,4,,,,55436,,,20.0,,,,,,postgresql,,,,1000,274245,server_limit_1001,,,network,,,4,True,51,baseline,42.36755700003414,,
,,,,0.28792499999999444,,,,,,,,,postgres:16-alpine,sha256:52f87503b2fe5ad2e0d209b1a55830db42eb3ecd3eaf1b583accb0091ab30bff,4,,,,55436,,,20.0,,,,,,postgresql,,,,,66,reuse_query,,,network,,,4,,14,baseline,41.15268399982597,,
,,,,2.6706109999999894,,80,,,,,,,postgres:16-alpine,sha256:52f87503b2fe5ad2e0d209b1a55830db42eb3ecd3eaf1b583accb0091ab30bff,5,,,,55436,,,20.0,,,,,,postgresql,,,,,4820,metadata_one_query_per_table,,,network,20,,5,,15120,baseline,924.814306999906,,
,,,,7.119908000000008,,80,,,,,,,postgres:16-alpine,sha256:52f87503b2fe5ad2e0d209b1a55830db42eb3ecd3eaf1b583accb0091ab30bff,5,,,,55436,,,20.0,,,,,,postgresql,,,,,5320,metadata_per_table,,,network,20,,5,,9180,baseline,1715.2405819997512,,
,,,,0.5330800000000191,,,,,,,,,postgres:16-alpine,sha256:52f87503b2fe5ad2e0d209b1a55830db42eb3ecd3eaf1b583accb0091ab30bff,5,,,,55436,,,20.0,,,,,,postgresql,,,,1000,274245,server_limit_1001,,,network,,,5,True,51,baseline,41.83474900037254,,
,,,,0.910661000000007,,,,,125.98585500018089,274287,,,postgres:16-alpine,sha256:52f87503b2fe5ad2e0d209b1a55830db42eb3ecd3eaf1b583accb0091ab30bff,5,,,,55436,,,20.0,,,,,,postgresql,,,,1000,274397,stream_fetch_cleanup,,,network,,,5,True,211,baseline,248.92939399978786,,
,,,,0.1999719999999927,,80,,,,,,,postgres:16-alpine,sha256:52f87503b2fe5ad2e0d209b1a55830db42eb3ecd3eaf1b583accb0091ab30bff,5,,,,55436,,,20.0,,,,,,postgresql,,,,,3720,metadata_batch,,,network,20,,5,,755,baseline,56.13070900017192,,
,,,,9.095862000000011,,,,,,,,,postgres:16-alpine,sha256:52f87503b2fe5ad2e0d209b1a55830db42eb3ecd3eaf1b583accb0091ab30bff,5,,,,55592,,,20.0,,,,,,postgresql,,,,1000,13788972,buffered_cap_1000,,,network,,,5,True,40,baseline,108.33483900023566,,
,,,,0.09807700000000197,,,,,,,,,postgres:16-alpine,sha256:52f87503b2fe5ad2e0d209b1a55830db42eb3ecd3eaf1b583accb0091ab30bff,5,,,,55592,,,20.0,,,,,,postgresql,,,,,66,reuse_query,,,network,,,5,,14,baseline,40.991295999447175,,
,,,,2.4767890000000072,,,,,,,,,postgres:16-alpine,sha256:52f87503b2fe5ad2e0d209b1a55830db42eb3ecd3eaf1b583accb0091ab30bff,5,,,,55592,,,20.0,,,,,,postgresql,,,,,641,connect_query_close,,,network,,,5,,214,baseline,168.56518300028256,,
,,,,0.5810109999999924,,,,,,,,,postgres:16-alpine,sha256:52f87503b2fe5ad2e0d209b1a55830db42eb3ecd3eaf1b583accb0091ab30bff,6,,,,55592,,,20.0,,,,,,postgresql,,,,1000,274245,server_limit_1001,,,network,,,6,True,51,baseline,41.749245000573865,,
,,,,11.311093999999994,,,,,,,,,postgres:16-alpine,sha256:52f87503b2fe5ad2e0d209b1a55830db42eb3ecd3eaf1b583accb0091ab30bff,6,,,,55592,,,20.0,,,,,,postgresql,,,,1000,13788972,buffered_cap_1000,,,network,,,6,True,40,baseline,108.74093599977641,,
,,,,5.166039000000011,,80,,,,,,,postgres:16-alpine,sha256:52f87503b2fe5ad2e0d209b1a55830db42eb3ecd3eaf1b583accb0091ab30bff,6,,,,55592,,,20.0,,,,,,postgresql,,,,,5320,metadata_per_table,,,network,20,,6,,9180,baseline,1729.375734000314,,
,,,,0.12223099999997267,,,,,,,,,postgres:16-alpine,sha256:52f87503b2fe5ad2e0d209b1a55830db42eb3ecd3eaf1b583accb0091ab30bff,6,,,,55592,,,20.0,,,,,,postgresql,,,,,66,reuse_query,,,network,,,6,,14,baseline,40.865519999897515,,
,,,,0.12826099999996288,,80,,,,,,,postgres:16-alpine,sha256:52f87503b2fe5ad2e0d209b1a55830db42eb3ecd3eaf1b583accb0091ab30bff,6,,,,55592,,,20.0,,,,,,postgresql,,,,,3720,metadata_batch,,,network,20,,6,,755,baseline,51.045256000179506,,
,,,,0.897566999999988,,,,,123.97227000019484,274287,,,postgres:16-alpine,sha256:52f87503b2fe5ad2e0d209b1a55830db42eb3ecd3eaf1b583accb0091ab30bff,6,,,,55592,,,20.0,,,,,,postgresql,,,,1000,274397,stream_fetch_cleanup,,,network,,,6,True,211,baseline,247.41555200034782,,
,,,,3.2913840000000083,,,,,,,,,postgres:16-alpine,sha256:52f87503b2fe5ad2e0d209b1a55830db42eb3ecd3eaf1b583accb0091ab30bff,6,,,,55592,,,20.0,,,,,,postgresql,,,,,641,connect_query_close,,,network,,,6,,214,baseline,170.7066710005165,,
,,,,2.263913999999978,,80,,,,,,,postgres:16-alpine,sha256:52f87503b2fe5ad2e0d209b1a55830db42eb3ecd3eaf1b583accb0091ab30bff,6,,,,55592,,,20.0,,,,,,postgresql,,,,,4820,metadata_one_query_per_table,,,network,20,,6,,15120,baseline,923.3529019993512,,
,,,,3.089921999999967,,,,,,,,,postgres:16-alpine,sha256:52f87503b2fe5ad2e0d209b1a55830db42eb3ecd3eaf1b583accb0091ab30bff,7,,,,55592,,,20.0,,,,,,postgresql,,,,,641,connect_query_close,,,network,,,7,,214,baseline,169.84396199950424,,
,,,,11.610842999999981,,,,,,,,,postgres:16-alpine,sha256:52f87503b2fe5ad2e0d209b1a55830db42eb3ecd3eaf1b583accb0091ab30bff,7,,,,55592,,,20.0,,,,,,postgresql,,,,1000,13788972,buffered_cap_1000,,,network,,,7,True,40,baseline,126.24205599968263,,
,,,,0.19878099999998122,,80,,,,,,,postgres:16-alpine,sha256:52f87503b2fe5ad2e0d209b1a55830db42eb3ecd3eaf1b583accb0091ab30bff,7,,,,55592,,,20.0,,,,,,postgresql,,,,,3720,metadata_batch,,,network,20,,7,,755,baseline,50.86416699941765,,
,,,,0.16160199999998293,,,,,,,,,postgres:16-alpine,sha256:52f87503b2fe5ad2e0d209b1a55830db42eb3ecd3eaf1b583accb0091ab30bff,7,,,,55592,,,20.0,,,,,,postgresql,,,,,66,reuse_query,,,network,,,7,,14,baseline,41.04356399966491,,
,,,,4.509089000000022,,80,,,,,,,postgres:16-alpine,sha256:52f87503b2fe5ad2e0d209b1a55830db42eb3ecd3eaf1b583accb0091ab30bff,7,,,,55592,,,20.0,,,,,,postgresql,,,,,5320,metadata_per_table,,,network,20,,7,,9180,baseline,1733.1424690000858,,
,,,,1.7298370000000118,,80,,,,,,,postgres:16-alpine,sha256:52f87503b2fe5ad2e0d209b1a55830db42eb3ecd3eaf1b583accb0091ab30bff,7,,,,55592,,,20.0,,,,,,postgresql,,,,,4820,metadata_one_query_per_table,,,network,20,,7,,15120,baseline,925.3401710002436,,
,,,,0.7114369999999814,,,,,,,,,postgres:16-alpine,sha256:52f87503b2fe5ad2e0d209b1a55830db42eb3ecd3eaf1b583accb0091ab30bff,7,,,,55592,,,20.0,,,,,,postgresql,,,,1000,274245,server_limit_1001,,,network,,,7,True,51,baseline,42.30272600034368,,
,,,,0.6503710000000384,,,,,123.70547499995155,274287,,,postgres:16-alpine,sha256:52f87503b2fe5ad2e0d209b1a55830db42eb3ecd3eaf1b583accb0091ab30bff,7,,,,55592,,,20.0,,,,,,postgresql,,,,1000,274397,stream_fetch_cleanup,,,network,,,7,True,211,baseline,247.03730400051427,,
,,,,11.27046599999998,,,,,,,,,postgres:16-alpine,sha256:52f87503b2fe5ad2e0d209b1a55830db42eb3ecd3eaf1b583accb0091ab30bff,8,,,,55592,,,20.0,,,,,,postgresql,,,,1000,13788972,buffered_cap_1000,,,network,,,8,True,40,baseline,110.66481699981523,,
,,,,3.8322009999999795,,80,,,,,,,postgres:16-alpine,sha256:52f87503b2fe5ad2e0d209b1a55830db42eb3ecd3eaf1b583accb0091ab30bff,8,,,,55592,,,20.0,,,,,,postgresql,,,,,5320,metadata_per_table,,,network,20,,8,,9180,baseline,1723.9650020001136,,
,,,,0.13743099999996566,,,,,,,,,postgres:16-alpine,sha256:52f87503b2fe5ad2e0d209b1a55830db42eb3ecd3eaf1b583accb0091ab30bff,8,,,,55592,,,20.0,,,,,,postgresql,,,,,66,reuse_query,,,network,,,8,,14,baseline,40.95028999927308,,
,,,,0.16964999999996566,,80,,,,,,,postgres:16-alpine,sha256:52f87503b2fe5ad2e0d209b1a55830db42eb3ecd3eaf1b583accb0091ab30bff,8,,,,55592,,,20.0,,,,,,postgresql,,,,,3720,metadata_batch,,,network,20,,8,,755,baseline,47.24562799947307,,
,,,,1.8005269999999962,,80,,,,,,,postgres:16-alpine,sha256:52f87503b2fe5ad2e0d209b1a55830db42eb3ecd3eaf1b583accb0091ab30bff,8,,,,55592,,,20.0,,,,,,postgresql,,,,,4820,metadata_one_query_per_table,,,network,20,,8,,15120,baseline,930.8157680006843,,
,,,,0.8000550000000217,,,,,124.50204600008874,274287,,,postgres:16-alpine,sha256:52f87503b2fe5ad2e0d209b1a55830db42eb3ecd3eaf1b583accb0091ab30bff,8,,,,55592,,,20.0,,,,,,postgresql,,,,1000,274397,stream_fetch_cleanup,,,network,,,8,True,211,baseline,249.6638790007637,,
,,,,3.0437300000000223,,,,,,,,,postgres:16-alpine,sha256:52f87503b2fe5ad2e0d209b1a55830db42eb3ecd3eaf1b583accb0091ab30bff,8,,,,55592,,,20.0,,,,,,postgresql,,,,,641,connect_query_close,,,network,,,8,,214,baseline,173.61668400008057,,
,,,,0.6446569999999929,,,,,,,,,postgres:16-alpine,sha256:52f87503b2fe5ad2e0d209b1a55830db42eb3ecd3eaf1b583accb0091ab30bff,8,,,,55592,,,20.0,,,,,,postgresql,,,,1000,274245,server_limit_1001,,,network,,,8,True,51,baseline,42.1992429992315,,
,,,,,,,,,,,,,,,0,,,,30916,,,,,0.11625100000001165,,,,sqlite,,,,,,reuse_select1,,,local,,,0,,,baseline,0.11738299963326426,,
,,,,,,,,,,,,,,,0,,,,30984,,,,,0.8422110000000094,,,,sqlite,,,1000,,,worker_1000,,,local,,,0,,,baseline,4.603602000315732,,1.545631999761099
,,,,,,,,,,,,,,,0,,,,30984,,,,,0.5939360000000171,,,,sqlite,,,,,,worker_cold_select1,,,local,,,0,,,baseline,80.21040099993115,,0.8960929999375367
,,,,,,,,,,,,,,,0,,,,30984,,,,,0.18493199999999876,,,,sqlite,,,1,,,worker_warm_select1,,,local,,,0,,,baseline,1.009356999929878,,0.38004399993951665
,,,,,,,,,,,,,,,0,,,,64120,,,,,29.14602899999999,,,,sqlite,,,50000,,,worker_50000,,,local,,,0,,,baseline,89.66985999995813,,45.160128999668814
,,,,,,,,,,,,,,,0,,,,64120,,,,,34.461256999999996,,,,sqlite,,,50000,,,direct_50000,,,local,,,0,,,baseline,34.600408999722276,,
,,,,,,,,,,,,,,,0,,,,64120,,,,,0.43631900000001833,,,,sqlite,,,1000,,,direct_1000,,,local,,,0,,,baseline,0.436196999544336,,
,,,,,,,,,,,,,,,0,,,,64120,,,,,3.766864000000009,,,,sqlite,,,,,,cancellable_select1,,,local,,,0,,,baseline,3.802344999712659,,
,,,,,,,,,,,,,,,0,,,,64120,,,,,0.12754300000000773,,,,sqlite,,,,,,connect_select1_close,,,local,,,0,,,baseline,0.12737700035359012,,
,,,,,,,,,,,,,,,1,,,,64120,,,,,0.005630000000006463,,,,sqlite,,,,,,reuse_select1,,,local,,,1,,,baseline,0.005627000064123422,,
,,,,,,,,,,,,,,,1,,,,64120,,,,,0.09511499999997897,,,,sqlite,,,1,,,worker_warm_select1,,,local,,,1,,,baseline,0.873525000315567,,0.3973579996454646
,,,,,,,,,,,,,,,1,,,,64120,,,,,0.426673999999988,,,,sqlite,,,1000,,,direct_1000,,,local,,,1,,,baseline,0.42651100011426024,,
,,,,,,,,,,,,,,,1,,,,64120,,,,,0.46594100000002525,,,,sqlite,,,,,,worker_cold_select1,,,local,,,1,,,baseline,93.20394699989265,,1.068761999704293
,,,,,,,,,,,,,,,1,,,,64120,,,,,0.21194599999999064,,,,sqlite,,,,,,connect_select1_close,,,local,,,1,,,baseline,0.21188099981372943,,
,,,,,,,,,,,,,,,1,,,,64120,,,,,0.13371200000000805,,,,sqlite,,,,,,cancellable_select1,,,local,,,1,,,baseline,0.1335949991698726,,
,,,,,,,,,,,,,,,1,,,,64120,,,,,33.05880800000002,,,,sqlite,,,50000,,,direct_50000,,,local,,,1,,,baseline,33.21744999993825,,
,,,,,,,,,,,,,,,1,,,,81224,,,,,19.728282999999987,,,,sqlite,,,50000,,,worker_50000,,,local,,,1,,,baseline,81.44475300014165,,46.59528900083387
,,,,,,,,,,,,,,,1,,,,81224,,,,,0.3872440000000088,,,,sqlite,,,1000,,,worker_1000,,,local,,,1,,,baseline,1.9840269997075666,,1.081826000699948
,,,,,,,,,,,,,,,2,,,,81224,,,,,0.3632559999999785,,,,sqlite,,,,,,cancellable_select1,,,local,,,2,,,baseline,0.36269200063543394,,
,,,,,,,,,,,,,,,2,,,,81224,,,,,0.5819080000000199,,,,sqlite,,,1000,,,direct_1000,,,local,,,2,,,baseline,0.5899509997107089,,
,,,,,,,,,,,,,,,2,,,,81224,,,,,0.6729540000000034,,,,sqlite,,,,,,worker_cold_select1,,,local,,,2,,,baseline,80.34406200022204,,1.1188020007466548
,,,,,,,,,,,,,,,2,,,,81224,,,,,0.014785999999988864,,,,sqlite,,,,,,reuse_select1,,,local,,,2,,,baseline,0.014743999599886592,,
,,,,,,,,,,,,,,,2,,,,81224,,,,,17.559871000000005,,,,sqlite,,,50000,,,worker_50000,,,local,,,2,,,baseline,73.19745499989949,,44.750150999789184
,,,,,,,,,,,,,,,2,,,,81224,,,,,0.23870100000000782,,,,sqlite,,,,,,connect_select1_close,,,local,,,2,,,baseline,0.24374000076932134,,
,,,,,,,,,,,,,,,2,,,,81224,,,,,33.154974,,,,sqlite,,,50000,,,direct_50000,,,local,,,2,,,baseline,33.28540700022131,,
,,,,,,,,,,,,,,,2,,,,81224,,,,,0.09775400000000545,,,,sqlite,,,1,,,worker_warm_select1,,,local,,,2,,,baseline,1.0029349996329984,,0.4148859998167609
,,,,,,,,,,,,,,,2,,,,81224,,,,,0.1744550000000178,,,,sqlite,,,1000,,,worker_1000,,,local,,,2,,,baseline,1.6013399999792455,,0.8358880004379898
,,,,,,,,,,,,,,,3,,,,81224,,,,,0.016154999999962172,,,,sqlite,,,,,,reuse_select1,,,local,,,3,,,baseline,0.0161320003826404,,
,,,,,,,,,,,,,,,3,,,,81224,,,,,0.21895099999996726,,,,sqlite,,,,,,connect_select1_close,,,local,,,3,,,baseline,0.21885199930693489,,
,,,,,,,,,,,,,,,3,,,,81224,,,,,0.4183509999999835,,,,sqlite,,,1000,,,direct_1000,,,local,,,3,,,baseline,0.41828499979601474,,
,,,,,,,,,,,,,,,3,,,,81224,,,,,38.72942700000004,,,,sqlite,,,50000,,,direct_50000,,,local,,,3,,,baseline,38.87716000008368,,
,,,,,,,,,,,,,,,3,,,,81224,,,,,0.2566539999999673,,,,sqlite,,,,,,cancellable_select1,,,local,,,3,,,baseline,0.26092600000993116,,
,,,,,,,,,,,,,,,3,,,,81224,,,,,0.22152800000002637,,,,sqlite,,,1000,,,worker_1000,,,local,,,3,,,baseline,1.924950000102399,,1.0431840000819648
,,,,,,,,,,,,,,,3,,,,81224,,,,,0.06183900000000797,,,,sqlite,,,1,,,worker_warm_select1,,,local,,,3,,,baseline,0.5625730000247131,,0.2727329992922023
,,,,,,,,,,,,,,,3,,,,81224,,,,,0.4516560000000225,,,,sqlite,,,,,,worker_cold_select1,,,local,,,3,,,baseline,98.81046800001059,,0.5140650000612368
,,,,,,,,,,,,,,,3,,,,87380,,,,,19.445599000000037,,,,sqlite,,,50000,,,worker_50000,,,local,,,3,,,baseline,77.04907200059097,,44.52168599982542
,,,,,,,,,,,,,,,4,,,,87380,,,,,0.5243129999999985,,,,sqlite,,,,,,worker_cold_select1,,,local,,,4,,,baseline,82.69167599974026,,0.8782800005064928
,,,,,,,,,,,,,,,4,,,,87380,,,,,0.015455999999969272,,,,sqlite,,,,,,reuse_select1,,,local,,,4,,,baseline,0.01539999993838137,,
,,,,,,,,,,,,,,,4,,,,87380,,,,,0.30174199999999374,,,,sqlite,,,1000,,,worker_1000,,,local,,,4,,,baseline,1.9739359995583072,,1.148046999333019
,,,,,,,,,,,,,,,4,,,,87380,,,,,44.76623200000002,,,,sqlite,,,50000,,,direct_50000,,,local,,,4,,,baseline,45.18114299935405,,
,,,,,,,,,,,,,,,4,,,,87380,,,,,13.601480999999971,,,,sqlite,,,50000,,,worker_50000,,,local,,,4,,,baseline,77.86293499975727,,51.82458899980702
,,,,,,,,,,,,,,,4,,,,87380,,,,,0.093600000000027,,,,sqlite,,,1,,,worker_warm_select1,,,local,,,4,,,baseline,0.7796280006004963,,0.27823100026580505
,,,,,,,,,,,,,,,4,,,,87380,,,,,0.2384730000000168,,,,sqlite,,,,,,connect_select1_close,,,local,,,4,,,baseline,0.25363799977640156,,
,,,,,,,,,,,,,,,4,,,,87380,,,,,0.46527200000001656,,,,sqlite,,,1000,,,direct_1000,,,local,,,4,,,baseline,0.4719910002677352,,
,,,,,,,,,,,,,,,4,,,,87380,,,,,0.1400810000000141,,,,sqlite,,,,,,cancellable_select1,,,local,,,4,,,baseline,0.1399689999743714,,
,,,,,,,,,,,,,,,5,,,,87380,,,,,0.09078899999998002,,,,sqlite,,,,,,cancellable_select1,,,local,,,5,,,baseline,0.09061699984158622,,
,,,,,,,,,,,,,,,5,,,,87380,,,,,0.2905029999999975,,,,sqlite,,,1000,,,direct_1000,,,local,,,5,,,baseline,0.29335799990803935,,
,,,,,,,,,,,,,,,5,,,,87380,,,,,0.24688000000000487,,,,sqlite,,,1000,,,worker_1000,,,local,,,5,,,baseline,1.3069770002402947,,0.7454419992427574
,,,,,,,,,,,,,,,5,,,,87380,,,,,0.5261229999999895,,,,sqlite,,,,,,worker_cold_select1,,,local,,,5,,,baseline,85.8019739998781,,0.9186429997498635
,,,,,,,,,,,,,,,5,,,,87380,,,,,0.2775410000000478,,,,sqlite,,,,,,connect_select1_close,,,local,,,5,,,baseline,0.27699500060407445,,
,,,,,,,,,,,,,,,5,,,,87380,,,,,46.29398600000001,,,,sqlite,,,50000,,,direct_50000,,,local,,,5,,,baseline,46.743302999857406,,
,,,,,,,,,,,,,,,5,,,,87380,,,,,0.13330700000002693,,,,sqlite,,,1,,,worker_warm_select1,,,local,,,5,,,baseline,0.8609019996583811,,0.37966099989716895
,,,,,,,,,,,,,,,5,,,,87380,,,,,0.012055000000010807,,,,sqlite,,,,,,reuse_select1,,,local,,,5,,,baseline,0.011993000043730717,,
,,,,,,,,,,,,,,,5,,,,87380,,,,,17.602296000000017,,,,sqlite,,,50000,,,worker_50000,,,local,,,5,,,baseline,80.74950500031264,,52.07955400055653
,,,,,,,,,,,,,,,6,,,,87380,,,,,0.015366000000016644,,,,sqlite,,,,,,reuse_select1,,,local,,,6,,,baseline,0.015390000044135377,,
,,,,,,,,,,,,,,,6,,,,87380,,,,,16.347051,,,,sqlite,,,50000,,,worker_50000,,,local,,,6,,,baseline,72.11233399993944,,44.957313999475446
,,,,,,,,,,,,,,,6,,,,87380,,,,,0.4428520000000491,,,,sqlite,,,1000,,,direct_1000,,,local,,,6,,,baseline,0.44265300039114663,,
,,,,,,,,,,,,,,,6,,,,87380,,,,,0.15453899999995357,,,,sqlite,,,1,,,worker_warm_select1,,,local,,,6,,,baseline,0.9184079999613459,,0.37346699991758214
,,,,,,,,,,,,,,,6,,,,87380,,,,,0.26441999999993193,,,,sqlite,,,,,,connect_select1_close,,,local,,,6,,,baseline,0.26401200011605397,,
,,,,,,,,,,,,,,,6,,,,87380,,,,,0.17199999999994997,,,,sqlite,,,,,,cancellable_select1,,,local,,,6,,,baseline,0.17635099993640324,,
,,,,,,,,,,,,,,,6,,,,87380,,,,,0.34525399999996154,,,,sqlite,,,1000,,,worker_1000,,,local,,,6,,,baseline,1.727529999698163,,0.9229299994331086
,,,,,,,,,,,,,,,6,,,,87380,,,,,0.6140329999999583,,,,sqlite,,,,,,worker_cold_select1,,,local,,,6,,,baseline,78.90235299964843,,0.5912480000915821
,,,,,,,,,,,,,,,6,,,,87380,,,,,32.19492000000002,,,,sqlite,,,50000,,,direct_50000,,,local,,,6,,,baseline,32.38738900017779,,
,,,,,,,,,,,,,,,7,,,,87380,,,,,0.48579000000004147,,,,sqlite,,,,,,worker_cold_select1,,,local,,,7,,,baseline,94.90123700015829,,1.011734999337932
,,,,,,,,,,,,,,,7,,,,87380,,,,,0.21949899999995637,,,,sqlite,,,,,,connect_select1_close,,,local,,,7,,,baseline,0.219238999306981,,
,,,,,,,,,,,,,,,7,,,,87380,,,,,0.005702000000051832,,,,sqlite,,,,,,reuse_select1,,,local,,,7,,,baseline,0.00569400071981363,,
,,,,,,,,,,,,,,,7,,,,87380,,,,,30.976936000000066,,,,sqlite,,,50000,,,direct_50000,,,local,,,7,,,baseline,31.151027999840153,,
,,,,,,,,,,,,,,,7,,,,87380,,,,,15.937818999999909,,,,sqlite,,,50000,,,worker_50000,,,local,,,7,,,baseline,66.0911289996875,,38.495777000207454
,,,,,,,,,,,,,,,7,,,,87380,,,,,0.2804610000000096,,,,sqlite,,,,,,cancellable_select1,,,local,,,7,,,baseline,0.29022199942119187,,
,,,,,,,,,,,,,,,7,,,,87380,,,,,0.48451099999990976,,,,sqlite,,,1000,,,direct_1000,,,local,,,7,,,baseline,0.4843179995077662,,
,,,,,,,,,,,,,,,7,,,,87380,,,,,0.11739200000004946,,,,sqlite,,,1,,,worker_warm_select1,,,local,,,7,,,baseline,0.8249630000136676,,0.4012460003650631
,,,,,,,,,,,,,,,7,,,,87380,,,,,0.1813059999999922,,,,sqlite,,,1000,,,worker_1000,,,local,,,7,,,baseline,1.443983000172011,,0.8636960001240368
,,,,,,,,,,,,,,,8,,,,87380,,,,,0.07712900000000911,,,,sqlite,,,1,,,worker_warm_select1,,,local,,,8,,,baseline,0.5080290002297261,,0.2501859999028966
,,,,,,,,,,,,,,,8,,,,87380,,,,,0.016167999999927574,,,,sqlite,,,,,,reuse_select1,,,local,,,8,,,baseline,0.016058999790402595,,
,,,,,,,,,,,,,,,8,,,,87380,,,,,15.065364999999996,,,,sqlite,,,50000,,,worker_50000,,,local,,,8,,,baseline,64.69862700032536,,37.98599199944874
,,,,,,,,,,,,,,,8,,,,87380,,,,,35.669026999999964,,,,sqlite,,,50000,,,direct_50000,,,local,,,8,,,baseline,36.01929900014511,,
,,,,,,,,,,,,,,,8,,,,87380,,,,,0.419130999999906,,,,sqlite,,,1000,,,direct_1000,,,local,,,8,,,baseline,0.41885600057867123,,
,,,,,,,,,,,,,,,8,,,,87380,,,,,0.22367899999997665,,,,sqlite,,,1000,,,worker_1000,,,local,,,8,,,baseline,1.7379780001647305,,0.9986659997593961
,,,,,,,,,,,,,,,8,,,,87380,,,,,0.20313999999999055,,,,sqlite,,,,,,connect_select1_close,,,local,,,8,,,baseline,0.202917000024172,,
,,,,,,,,,,,,,,,8,,,,87380,,,,,0.46135299999994217,,,,sqlite,,,,,,worker_cold_select1,,,local,,,8,,,baseline,99.51451500000985,,1.1188530006620567
,,,,,,,,,,,,,,,8,,,,87380,,,,,0.24784499999996878,,,,sqlite,,,,,,cancellable_select1,,,local,,,8,,,baseline,0.24957699952210533,,
,,,,,,,,,,,,,,,0,,,,117560,,,,,0.3414539999999633,,,,duckdb,,,,,,reuse_select1,,,local,,,0,,,baseline,0.34199499987153104,,
,,,,,,,,,,,,,,,0,,,,117560,,,,,0.33084999999999365,,,,duckdb,,,1000,,,worker_1000,,,local,,,0,,,baseline,16.79330699971615,,15.865794000092137
,,,,,,,,,,,,,,,0,,,,117560,,,,,0.4680479999999987,,,,duckdb,,,,,,worker_cold_select1,,,local,,,0,,,baseline,122.3151730000609,,34.62893199957762
,,,,,,,,,,,,,,,0,,,,117560,,,,,0.1415040000000145,,,,duckdb,,,1,,,worker_warm_select1,,,local,,,0,,,baseline,6.828518000475015,,6.389281999872765
,,,,,,,,,,,,,,,0,,,,129204,,,,,15.284138000000059,,,,duckdb,,,50000,,,worker_50000,,,local,,,0,,,baseline,76.27004299956752,,44.90095199980715
,,,,,,,,,,,,,,,0,,,,137744,,,,,22.331077000000032,,,,duckdb,,,50000,,,direct_50000,,,local,,,0,,,baseline,22.600101000534778,,
,,,,,,,,,,,,,,,0,,,,137744,,,,,4.138368000000003,,,,duckdb,,,1000,,,direct_1000,,,local,,,0,,,baseline,4.163431000051787,,
,,,,,,,,,,,,,,,0,,,,137744,,,,,0.4982219999999371,,,,duckdb,,,,,,cancellable_select1,,,local,,,0,,,baseline,0.496374999784166,,
,,,,,,,,,,,,,,,0,,,,137744,,,,,0.2400189999999247,,,,duckdb,,,,,,connect_select1_close,,,local,,,0,,,baseline,0.24633300017740112,,
,,,,,,,,,,,,,,,1,,,,137744,,,,,0.2125659999999696,,,,duckdb,,,,,,reuse_select1,,,local,,,1,,,baseline,0.21221399947535247,,
,,,,,,,,,,,,,,,1,,,,137744,,,,,0.13017000000004053,,,,duckdb,,,1,,,worker_warm_select1,,,local,,,1,,,baseline,9.94414499928098,,9.371295000164537
,,,,,,,,,,,,,,,1,,,,137744,,,,,4.097930999999999,,,,duckdb,,,1000,,,direct_1000,,,local,,,1,,,baseline,4.190573000414588,,
,,,,,,,,,,,,,,,1,,,,148648,,,,,3.032715999999991,,,,duckdb,,,,,,worker_cold_select1,,,local,,,1,,,baseline,139.51055399957113,,35.994027000015194
,,,,,,,,,,,,,,,1,,,,148648,,,,,0.6009580000000403,,,,duckdb,,,,,,connect_select1_close,,,local,,,1,,,baseline,0.6063790006010095,,
,,,,,,,,,,,,,,,1,,,,148648,,,,,0.3021990000000585,,,,duckdb,,,,,,cancellable_select1,,,local,,,1,,,baseline,0.30548600079782773,,
,,,,,,,,,,,,,,,1,,,,151464,,,,,17.866873000000005,,,,duckdb,,,50000,,,direct_50000,,,local,,,1,,,baseline,18.288378999386623,,
,,,,,,,,,,,,,,,1,,,,169384,,,,,19.27533499999989,,,,duckdb,,,50000,,,worker_50000,,,local,,,1,,,baseline,66.20393699995475,,32.48516999974527
,,,,,,,,,,,,,,,1,,,,169384,,,,,0.2941439999999407,,,,duckdb,,,1000,,,worker_1000,,,local,,,1,,,baseline,16.810946999612497,,15.935767999508244
,,,,,,,,,,,,,,,2,,,,169384,,,,,0.5517729999999776,,,,duckdb,,,,,,cancellable_select1,,,local,,,2,,,baseline,0.5570310004259227,,
,,,,,,,,,,,,,,,2,,,,169384,,,,,3.5277899999999196,,,,duckdb,,,1000,,,direct_1000,,,local,,,2,,,baseline,3.5427919992798707,,
,,,,,,,,,,,,,,,2,,,,169384,,,,,0.520771000000031,,,,duckdb,,,,,,worker_cold_select1,,,local,,,2,,,baseline,146.10521699978563,,46.639056999993045
,,,,,,,,,,,,,,,2,,,,169384,,,,,0.5087300000000683,,,,duckdb,,,,,,reuse_select1,,,local,,,2,,,baseline,0.5080109995105886,,
,,,,,,,,,,,,,,,2,,,,175152,,,,,12.73775999999993,,,,duckdb,,,50000,,,worker_50000,,,local,,,2,,,baseline,62.25980300041556,,40.0790550002057
,,,,,,,,,,,,,,,2,,,,175152,,,,,0.558674999999953,,,,duckdb,,,,,,connect_select1_close,,,local,,,2,,,baseline,0.5925350005782093,,
,,,,,,,,,,,,,,,2,,,,175152,,,,,18.58263900000001,,,,duckdb,,,50000,,,direct_50000,,,local,,,2,,,baseline,18.92857999973785,,
,,,,,,,,,,,,,,,2,,,,175152,,,,,0.14557199999998272,,,,duckdb,,,1,,,worker_warm_select1,,,local,,,2,,,baseline,10.591891999865766,,10.035399999651418
,,,,,,,,,,,,,,,2,,,,175152,,,,,0.26183400000001633,,,,duckdb,,,1000,,,worker_1000,,,local,,,2,,,baseline,17.156384000372782,,16.300909999699797
,,,,,,,,,,,,,,,3,,,,175152,,,,,0.3688990000000336,,,,duckdb,,,,,,reuse_select1,,,local,,,3,,,baseline,0.36847299998044036,,
,,,,,,,,,,,,,,,3,,,,175152,,,,,0.27670699999993165,,,,duckdb,,,,,,connect_select1_close,,,local,,,3,,,baseline,0.28209300035086926,,
,,,,,,,,,,,,,,,3,,,,175152,,,,,4.0323909999999685,,,,duckdb,,,1000,,,direct_1000,,,local,,,3,,,baseline,4.112659000384156,,
,,,,,,,,,,,,,,,3,,,,175152,,,,,18.06435799999995,,,,duckdb,,,50000,,,direct_50000,,,local,,,3,,,baseline,18.283770000380173,,
,,,,,,,,,,,,,,,3,,,,175152,,,,,0.6123829999999941,,,,duckdb,,,,,,cancellable_select1,,,local,,,3,,,baseline,0.6470560001616832,,
,,,,,,,,,,,,,,,3,,,,175152,,,,,0.3079160000000192,,,,duckdb,,,1000,,,worker_1000,,,local,,,3,,,baseline,21.92715799992584,,20.644216000619053
,,,,,,,,,,,,,,,3,,,,175152,,,,,0.33169200000005006,,,,duckdb,,,1,,,worker_warm_select1,,,local,,,3,,,baseline,6.49102999977913,,5.98082099986641
,,,,,,,,,,,,,,,3,,,,175152,,,,,0.5728369999999927,,,,duckdb,,,,,,worker_cold_select1,,,local,,,3,,,baseline,144.91497600010916,,44.06197899970721
,,,,,,,,,,,,,,,3,,,,175152,,,,,13.215835000000009,,,,duckdb,,,50000,,,worker_50000,,,local,,,3,,,baseline,62.589231999481854,,40.73512499962817
,,,,,,,,,,,,,,,4,,,,175152,,,,,0.5321169999999986,,,,duckdb,,,,,,worker_cold_select1,,,local,,,4,,,baseline,146.3739330001772,,44.04020800029684
,,,,,,,,,,,,,,,4,,,,175152,,,,,0.40221899999992594,,,,duckdb,,,,,,reuse_select1,,,local,,,4,,,baseline,0.4015280001112842,,
,,,,,,,,,,,,,,,4,,,,175152,,,,,0.21355500000008742,,,,duckdb,,,1000,,,worker_1000,,,local,,,4,,,baseline,17.12362399939593,,15.941480999572377
,,,,,,,,,,,,,,,4,,,,175152,,,,,16.677128999999958,,,,duckdb,,,50000,,,direct_50000,,,local,,,4,,,baseline,16.827972000101,,
,,,,,,,,,,,,,,,4,,,,178648,,,,,13.40869999999994,,,,duckdb,,,50000,,,worker_50000,,,local,,,4,,,baseline,61.909980000564246,,40.2264730000752
,,,,,,,,,,,,,,,4,,,,178648,,,,,0.1295580000000296,,,,duckdb,,,1,,,worker_warm_select1,,,local,,,4,,,baseline,6.531830000312766,,6.085203000111505
,,,,,,,,,,,,,,,4,,,,178648,,,,,0.4993370000000441,,,,duckdb,,,,,,connect_select1_close,,,local,,,4,,,baseline,0.49813500027084956,,
,,,,,,,,,,,,,,,4,,,,178648,,,,,3.8947950000000064,,,,duckdb,,,1000,,,direct_1000,,,local,,,4,,,baseline,3.95878899962554,,
,,,,,,,,,,,,,,,4,,,,178648,,,,,0.47485899999999415,,,,duckdb,,,,,,cancellable_select1,,,local,,,4,,,baseline,0.4786139998032013,,
,,,,,,,,,,,,,,,5,,,,178648,,,,,0.23017899999999702,,,,duckdb,,,,,,cancellable_select1,,,local,,,5,,,baseline,0.22963199990044814,,
,,,,,,,,,,,,,,,5,,,,178648,,,,,3.4467579999999387,,,,duckdb,,,1000,,,direct_1000,,,local,,,5,,,baseline,3.459214000031352,,
,,,,,,,,,,,,,,,5,,,,178648,,,,,0.2550919999999568,,,,duckdb,,,1000,,,worker_1000,,,local,,,5,,,baseline,17.35560199995234,,16.16394099983154
,,,,,,,,,,,,,,,5,,,,178648,,,,,0.4873579999999933,,,,duckdb,,,,,,worker_cold_select1,,,local,,,5,,,baseline,131.37389199982863,,44.15947400048026
,,,,,,,,,,,,,,,5,,,,178648,,,,,0.5595159999999266,,,,duckdb,,,,,,connect_select1_close,,,local,,,5,,,baseline,0.5622839998977724,,
,,,,,,,,,,,,,,,5,,,,178648,,,,,16.44511900000001,,,,duckdb,,,50000,,,direct_50000,,,local,,,5,,,baseline,16.62825499988685,,
,,,,,,,,,,,,,,,5,,,,178648,,,,,0.1558280000000245,,,,duckdb,,,1,,,worker_warm_select1,,,local,,,5,,,baseline,7.2215520003737765,,6.800870000006398
,,,,,,,,,,,,,,,5,,,,178648,,,,,0.6185149999999862,,,,duckdb,,,,,,reuse_select1,,,local,,,5,,,baseline,0.6390030002876301,,
,,,,,,,,,,,,,,,5,,,,178648,,,,,12.652969999999986,,,,duckdb,,,50000,,,worker_50000,,,local,,,5,,,baseline,55.832220999946,,32.2906299998067
,,,,,,,,,,,,,,,6,,,,178648,,,,,0.4136190000000317,,,,duckdb,,,,,,reuse_select1,,,local,,,6,,,baseline,0.41883200083248084,,
,,,,,,,,,,,,,,,6,,,,178648,,,,,11.136310000000037,,,,duckdb,,,50000,,,worker_50000,,,local,,,6,,,baseline,54.66175099991233,,34.703547000390245
,,,,,,,,,,,,,,,6,,,,178648,,,,,5.72922000000009,,,,duckdb,,,1000,,,direct_1000,,,local,,,6,,,baseline,5.748894999669574,,
,,,,,,,,,,,,,,,6,,,,178648,,,,,0.10451899999996961,,,,duckdb,,,1,,,worker_warm_select1,,,local,,,6,,,baseline,6.143343999610806,,5.691239000043424
,,,,,,,,,,,,,,,6,,,,178648,,,,,0.3871550000000834,,,,duckdb,,,,,,connect_select1_close,,,local,,,6,,,baseline,0.3860569995595142,,
,,,,,,,,,,,,,,,6,,,,178648,,,,,0.20550299999988475,,,,duckdb,,,,,,cancellable_select1,,,local,,,6,,,baseline,0.2050399998552166,,
,,,,,,,,,,,,,,,6,,,,178648,,,,,0.22290499999999547,,,,duckdb,,,1000,,,worker_1000,,,local,,,6,,,baseline,16.90204900023673,,16.195750000406406
,,,,,,,,,,,,,,,6,,,,178648,,,,,0.48902800000005797,,,,duckdb,,,,,,worker_cold_select1,,,local,,,6,,,baseline,138.7631319994398,,45.59211699961452
,,,,,,,,,,,,,,,6,,,,178648,,,,,19.636323999999927,,,,duckdb,,,50000,,,direct_50000,,,local,,,6,,,baseline,20.918588999847998,,
,,,,,,,,,,,,,,,7,,,,178648,,,,,0.648597000000084,,,,duckdb,,,,,,worker_cold_select1,,,local,,,7,,,baseline,127.55371100047341,,33.88215099948866
,,,,,,,,,,,,,,,7,,,,178648,,,,,0.5683419999999995,,,,duckdb,,,,,,connect_select1_close,,,local,,,7,,,baseline,0.5678650004483643,,
,,,,,,,,,,,,,,,7,,,,178648,,,,,0.09866299999994332,,,,duckdb,,,,,,reuse_select1,,,local,,,7,,,baseline,0.0984759999482776,,
,,,,,,,,,,,,,,,7,,,,178648,,,,,17.231575999999915,,,,duckdb,,,50000,,,direct_50000,,,local,,,7,,,baseline,17.41763300015009,,
,,,,,,,,,,,,,,,7,,,,178648,,,,,11.547785999999949,,,,duckdb,,,50000,,,worker_50000,,,local,,,7,,,baseline,53.65009300021484,,33.280720000220754
,,,,,,,,,,,,,,,7,,,,178648,,,,,0.5891720000001932,,,,duckdb,,,,,,cancellable_select1,,,local,,,7,,,baseline,0.5883410003661993,,
,,,,,,,,,,,,,,,7,,,,178648,,,,,4.518028999999979,,,,duckdb,,,1000,,,direct_1000,,,local,,,7,,,baseline,4.585871000017505,,
,,,,,,,,,,,,,,,7,,,,178648,,,,,0.1418109999999917,,,,duckdb,,,1,,,worker_warm_select1,,,local,,,7,,,baseline,10.830386999259645,,10.269454999615846
,,,,,,,,,,,,,,,7,,,,178648,,,,,0.4782340000000218,,,,duckdb,,,1000,,,worker_1000,,,local,,,7,,,baseline,17.877351999231905,,16.94996500009438
,,,,,,,,,,,,,,,8,,,,178648,,,,,0.13322499999990356,,,,duckdb,,,1,,,worker_warm_select1,,,local,,,8,,,baseline,6.24333999985538,,5.78342800054088
,,,,,,,,,,,,,,,8,,,,178648,,,,,0.6273649999999353,,,,duckdb,,,,,,reuse_select1,,,local,,,8,,,baseline,0.6333100000119884,,
,,,,,,,,,,,,,,,8,,,,178648,,,,,13.91663700000012,,,,duckdb,,,50000,,,worker_50000,,,local,,,8,,,baseline,52.26694300017698,,29.593719000331475
,,,,,,,,,,,,,,,8,,,,178648,,,,,18.397204000000002,,,,duckdb,,,50000,,,direct_50000,,,local,,,8,,,baseline,18.652755999937654,,
,,,,,,,,,,,,,,,8,,,,178648,,,,,4.291790999999989,,,,duckdb,,,1000,,,direct_1000,,,local,,,8,,,baseline,4.31653599935089,,
,,,,,,,,,,,,,,,8,,,,178648,,,,,0.4598890000000466,,,,duckdb,,,1000,,,worker_1000,,,local,,,8,,,baseline,22.33785499993246,,21.012672999859205
,,,,,,,,,,,,,,,8,,,,178648,,,,,0.7569199999999388,,,,duckdb,,,,,,connect_select1_close,,,local,,,8,,,baseline,0.7551600001534098,,
,,,,,,,,,,,,,,,8,,,,178648,,,,,0.6122180000001087,,,,duckdb,,,,,,worker_cold_select1,,,local,,,8,,,baseline,127.38297499981854,,44.59120199953759
,,,,,,,,,,,,,,,8,,,,178648,,,,,0.5682229999999233,,,,duckdb,,,,,,cancellable_select1,,,local,,,8,,,baseline,0.5675410002368153,,
,,13351685,,,,,,,,,,,,,0,,,,223780,,,,,27.371038999999932,,repeated,,ipc,,,50000,,,pickle_roundtrip,,,ipc,,,0,,,baseline,27.764524000303936,,
,Arrow table to Arrow table; conversion from Python rows excluded,13400400,,,,,,,,,,,,,0,,,,223780,,,,,4.035750999999976,,repeated,,ipc,,,50000,,,arrow_none_roundtrip,,,ipc,,,0,,,baseline,8.639962000415835,,
,Arrow table to Arrow table; conversion from Python rows excluded,453408,,,,,,,,,,,,,0,,,,223780,,,,,6.641166000000087,,repeated,,ipc,,,50000,,,arrow_lz4_roundtrip,,,ipc,,,0,,,baseline,12.028543999804242,,
,Arrow table to Arrow table; conversion from Python rows excluded,174280,,,,,,,,,,,,,0,,,,234504,,,,,6.852195999999866,,repeated,,ipc,,,50000,,,arrow_zstd_roundtrip,,,ipc,,,0,,,baseline,6.8918540000595385,,
,Python rows to Python rows including both Arrow conversions,13400400,,,,,,,,,,,,,0,,,,280748,,,,,45.68678700000017,,repeated,,ipc,,,50000,,,arrow_python_roundtrip,,,ipc,,,0,,,baseline,45.89768499954516,,
,,13351685,,,,,,,,,,,,,1,,,,280880,,,,,25.164905000000015,,repeated,,ipc,,,50000,,,pickle_roundtrip,,,ipc,,,1,,,baseline,25.31562700005452,,
,Arrow table to Arrow table; conversion from Python rows excluded,13400400,,,,,,,,,,,,,1,,,,280880,,,,,2.220638999999913,,repeated,,ipc,,,50000,,,arrow_none_roundtrip,,,ipc,,,1,,,baseline,2.232355999694846,,
,Arrow table to Arrow table; conversion from Python rows excluded,453408,,,,,,,,,,,,,1,,,,280880,,,,,5.10673099999992,,repeated,,ipc,,,50000,,,arrow_lz4_roundtrip,,,ipc,,,1,,,baseline,5.098478000036266,,
,Arrow table to Arrow table; conversion from Python rows excluded,174280,,,,,,,,,,,,,1,,,,280880,,,,,5.68201299999993,,repeated,,ipc,,,50000,,,arrow_zstd_roundtrip,,,ipc,,,1,,,baseline,5.741744000260951,,
,Python rows to Python rows including both Arrow conversions,13400400,,,,,,,,,,,,,1,,,,309440,,,,,44.38964299999992,,repeated,,ipc,,,50000,,,arrow_python_roundtrip,,,ipc,,,1,,,baseline,44.584131999727106,,
,,13351685,,,,,,,,,,,,,2,,,,309572,,,,,26.627560999999965,,repeated,,ipc,,,50000,,,pickle_roundtrip,,,ipc,,,2,,,baseline,26.88302099977591,,
,Arrow table to Arrow table; conversion from Python rows excluded,13400400,,,,,,,,,,,,,2,,,,309572,,,,,2.0594210000000057,,repeated,,ipc,,,50000,,,arrow_none_roundtrip,,,ipc,,,2,,,baseline,2.068242999484937,,
,Arrow table to Arrow table; conversion from Python rows excluded,453408,,,,,,,,,,,,,2,,,,309572,,,,,5.19199799999992,,repeated,,ipc,,,50000,,,arrow_lz4_roundtrip,,,ipc,,,2,,,baseline,5.257918999632238,,
,Arrow table to Arrow table; conversion from Python rows excluded,174280,,,,,,,,,,,,,2,,,,309572,,,,,5.412514999999951,,repeated,,ipc,,,50000,,,arrow_zstd_roundtrip,,,ipc,,,2,,,baseline,5.464697999741475,,
,Python rows to Python rows including both Arrow conversions,13400400,,,,,,,,,,,,,2,,,,338116,,,,,44.01882300000004,,repeated,,ipc,,,50000,,,arrow_python_roundtrip,,,ipc,,,2,,,baseline,44.22667999915575,,
,,13351685,,,,,,,,,,,,,3,,,,338248,,,,,24.587131000000095,,repeated,,ipc,,,50000,,,pickle_roundtrip,,,ipc,,,3,,,baseline,24.72432000013214,,
,Arrow table to Arrow table; conversion from Python rows excluded,13400400,,,,,,,,,,,,,3,,,,338248,,,,,2.087694999999945,,repeated,,ipc,,,50000,,,arrow_none_roundtrip,,,ipc,,,3,,,baseline,2.092789000016637,,
,Arrow table to Arrow table; conversion from Python rows excluded,453408,,,,,,,,,,,,,3,,,,338248,,,,,5.410855999999908,,repeated,,ipc,,,50000,,,arrow_lz4_roundtrip,,,ipc,,,3,,,baseline,5.426785999588901,,
,Arrow table to Arrow table; conversion from Python rows excluded,174280,,,,,,,,,,,,,3,,,,338248,,,,,5.408423999999856,,repeated,,ipc,,,50000,,,arrow_zstd_roundtrip,,,ipc,,,3,,,baseline,5.423793000773003,,
,Python rows to Python rows including both Arrow conversions,13400400,,,,,,,,,,,,,3,,,,366800,,,,,45.15862699999995,,repeated,,ipc,,,50000,,,arrow_python_roundtrip,,,ipc,,,3,,,baseline,45.38827000033052,,
,,13351685,,,,,,,,,,,,,4,,,,366932,,,,,25.423479000000082,,repeated,,ipc,,,50000,,,pickle_roundtrip,,,ipc,,,4,,,baseline,25.813416999881156,,
,Arrow table to Arrow table; conversion from Python rows excluded,13400400,,,,,,,,,,,,,4,,,,366932,,,,,2.076975999999897,,repeated,,ipc,,,50000,,,arrow_none_roundtrip,,,ipc,,,4,,,baseline,2.0832290001635556,,
,Arrow table to Arrow table; conversion from Python rows excluded,453408,,,,,,,,,,,,,4,,,,366932,,,,,5.220658000000045,,repeated,,ipc,,,50000,,,arrow_lz4_roundtrip,,,ipc,,,4,,,baseline,5.264686000373331,,
,Arrow table to Arrow table; conversion from Python rows excluded,174280,,,,,,,,,,,,,4,,,,366932,,,,,5.415999000000005,,repeated,,ipc,,,50000,,,arrow_zstd_roundtrip,,,ipc,,,4,,,baseline,5.450632000247424,,
,Python rows to Python rows including both Arrow conversions,13400400,,,,,,,,,,,,,4,,,,395348,,,,,43.62957199999995,,repeated,,ipc,,,50000,,,arrow_python_roundtrip,,,ipc,,,4,,,baseline,43.95189800015942,,
,,13351685,,,,,,,,,,,,,5,,,,395480,,,,,24.92376399999996,,repeated,,ipc,,,50000,,,pickle_roundtrip,,,ipc,,,5,,,baseline,25.08086000034382,,
,Arrow table to Arrow table; conversion from Python rows excluded,13400400,,,,,,,,,,,,,5,,,,395480,,,,,2.081063999999966,,repeated,,ipc,,,50000,,,arrow_none_roundtrip,,,ipc,,,5,,,baseline,2.0912200006932835,,
,Arrow table to Arrow table; conversion from Python rows excluded,453408,,,,,,,,,,,,,5,,,,395480,,,,,5.025197000000148,,repeated,,ipc,,,50000,,,arrow_lz4_roundtrip,,,ipc,,,5,,,baseline,5.024803999731375,,
,Arrow table to Arrow table; conversion from Python rows excluded,174280,,,,,,,,,,,,,5,,,,395480,,,,,5.268228999999902,,repeated,,ipc,,,50000,,,arrow_zstd_roundtrip,,,ipc,,,5,,,baseline,5.287870000756811,,
,Python rows to Python rows including both Arrow conversions,13400400,,,,,,,,,,,,,5,,,,424148,,,,,42.928061000000014,,repeated,,ipc,,,50000,,,arrow_python_roundtrip,,,ipc,,,5,,,baseline,43.17945800084999,,
,,13351685,,,,,,,,,,,,,6,,,,424284,,,,,23.603869,,repeated,,ipc,,,50000,,,pickle_roundtrip,,,ipc,,,6,,,baseline,23.743151999951806,,
,Arrow table to Arrow table; conversion from Python rows excluded,13400400,,,,,,,,,,,,,6,,,,424284,,,,,2.156578000000131,,repeated,,ipc,,,50000,,,arrow_none_roundtrip,,,ipc,,,6,,,baseline,2.168046999940998,,
,Arrow table to Arrow table; conversion from Python rows excluded,453408,,,,,,,,,,,,,6,,,,424284,,,,,4.922318000000203,,repeated,,ipc,,,50000,,,arrow_lz4_roundtrip,,,ipc,,,6,,,baseline,4.918909000480198,,
,Arrow table to Arrow table; conversion from Python rows excluded,174280,,,,,,,,,,,,,6,,,,424284,,,,,5.1345189999998375,,repeated,,ipc,,,50000,,,arrow_zstd_roundtrip,,,ipc,,,6,,,baseline,5.1431810006761225,,
,Python rows to Python rows including both Arrow conversions,13400400,,,,,,,,,,,,,6,,,,424284,,,,,42.80237499999995,,repeated,,ipc,,,50000,,,arrow_python_roundtrip,,,ipc,,,6,,,baseline,43.03285300011339,,
,,13351685,,,,,,,,,,,,,7,,,,424284,,,,,25.67014599999995,,repeated,,ipc,,,50000,,,pickle_roundtrip,,,ipc,,,7,,,baseline,25.82689499922708,,
,Arrow table to Arrow table; conversion from Python rows excluded,13400400,,,,,,,,,,,,,7,,,,424284,,,,,2.28644999999994,,repeated,,ipc,,,50000,,,arrow_none_roundtrip,,,ipc,,,7,,,baseline,2.2981080001045484,,
,Arrow table to Arrow table; conversion from Python rows excluded,453408,,,,,,,,,,,,,7,,,,424284,,,,,4.0919640000001145,,repeated,,ipc,,,50000,,,arrow_lz4_roundtrip,,,ipc,,,7,,,baseline,4.121107999708329,,
,Arrow table to Arrow table; conversion from Python rows excluded,174280,,,,,,,,,,,,,7,,,,424284,,,,,5.92717499999984,,repeated,,ipc,,,50000,,,arrow_zstd_roundtrip,,,ipc,,,7,,,baseline,5.975600999590824,,
,Python rows to Python rows including both Arrow conversions,13400400,,,,,,,,,,,,,7,,,,424284,,,,,46.06266000000004,,repeated,,ipc,,,50000,,,arrow_python_roundtrip,,,ipc,,,7,,,baseline,46.25519599994732,,
,,13351685,,,,,,,,,,,,,8,,,,424284,,,,,26.34104700000006,,repeated,,ipc,,,50000,,,pickle_roundtrip,,,ipc,,,8,,,baseline,26.483753999855253,,
,Arrow table to Arrow table; conversion from Python rows excluded,13400400,,,,,,,,,,,,,8,,,,424284,,,,,2.1753490000000486,,repeated,,ipc,,,50000,,,arrow_none_roundtrip,,,ipc,,,8,,,baseline,2.194294000219088,,
,Arrow table to Arrow table; conversion from Python rows excluded,453408,,,,,,,,,,,,,8,,,,424284,,,,,3.7058030000001185,,repeated,,ipc,,,50000,,,arrow_lz4_roundtrip,,,ipc,,,8,,,baseline,3.7933049998173374,,
,Arrow table to Arrow table; conversion from Python rows excluded,174280,,,,,,,,,,,,,8,,,,424284,,,,,4.239684000000077,,repeated,,ipc,,,50000,,,arrow_zstd_roundtrip,,,ipc,,,8,,,baseline,4.244884999934584,,
,Python rows to Python rows including both Arrow conversions,13400400,,,,,,,,,,,,,8,,,,424284,,,,,42.43760600000002,,repeated,,ipc,,,50000,,,arrow_python_roundtrip,,,ipc,,,8,,,baseline,42.799052000191296,,
,,13351685,,,,,,,,,,,,,0,,,,432868,,,,,26.173432,,varied,,ipc,,,50000,,,pickle_roundtrip,,,ipc,,,0,,,baseline,26.275406000422663,,
,Arrow table to Arrow table; conversion from Python rows excluded,13400400,,,,,,,,,,,,,0,,,,432868,,,,,1.936034999999947,,varied,,ipc,,,50000,,,arrow_none_roundtrip,,,ipc,,,0,,,baseline,1.9791069998973398,,
,Arrow table to Arrow table; conversion from Python rows excluded,13201448,,,,,,,,,,,,,0,,,,432868,,,,,10.849032000000092,,varied,,ipc,,,50000,,,arrow_lz4_roundtrip,,,ipc,,,0,,,baseline,11.582559999624209,,
,Arrow table to Arrow table; conversion from Python rows excluded,6575776,,,,,,,,,,,,,0,,,,438152,,,,,18.249498999999947,,varied,,ipc,,,50000,,,arrow_zstd_roundtrip,,,ipc,,,0,,,baseline,18.457551999745192,,
,Python rows to Python rows including both Arrow conversions,13400400,,,,,,,,,,,,,0,,,,438920,,,,,40.343377000000125,,varied,,ipc,,,50000,,,arrow_python_roundtrip,,,ipc,,,0,,,baseline,40.65136400004121,,
,,13351685,,,,,,,,,,,,,1,,,,438920,,,,,19.22462600000019,,varied,,ipc,,,50000,,,pickle_roundtrip,,,ipc,,,1,,,baseline,19.346185000358673,,
,Arrow table to Arrow table; conversion from Python rows excluded,13400400,,,,,,,,,,,,,1,,,,438920,,,,,2.1363199999999694,,varied,,ipc,,,50000,,,arrow_none_roundtrip,,,ipc,,,1,,,baseline,2.1435479993670015,,
,Arrow table to Arrow table; conversion from Python rows excluded,13201448,,,,,,,,,,,,,1,,,,438920,,,,,8.998779000000123,,varied,,ipc,,,50000,,,arrow_lz4_roundtrip,,,ipc,,,1,,,baseline,9.399023000696616,,
,Arrow table to Arrow table; conversion from Python rows excluded,6575776,,,,,,,,,,,,,1,,,,438920,,,,,17.250297999999997,,varied,,ipc,,,50000,,,arrow_zstd_roundtrip,,,ipc,,,1,,,baseline,17.414979000022868,,
,Python rows to Python rows including both Arrow conversions,13400400,,,,,,,,,,,,,1,,,,438920,,,,,40.51636599999986,,varied,,ipc,,,50000,,,arrow_python_roundtrip,,,ipc,,,1,,,baseline,41.347958000187646,,
,,13351685,,,,,,,,,,,,,2,,,,438920,,,,,24.3175149999999,,varied,,ipc,,,50000,,,pickle_roundtrip,,,ipc,,,2,,,baseline,24.74911199988128,,
,Arrow table to Arrow table; conversion from Python rows excluded,13400400,,,,,,,,,,,,,2,,,,438920,,,,,2.0775730000002213,,varied,,ipc,,,50000,,,arrow_none_roundtrip,,,ipc,,,2,,,baseline,2.0824969997192966,,
,Arrow table to Arrow table; conversion from Python rows excluded,13201448,,,,,,,,,,,,,2,,,,438920,,,,,8.761969000000036,,varied,,ipc,,,50000,,,arrow_lz4_roundtrip,,,ipc,,,2,,,baseline,8.790101999693434,,
,Arrow table to Arrow table; conversion from Python rows excluded,6575776,,,,,,,,,,,,,2,,,,438920,,,,,18.41368199999982,,varied,,ipc,,,50000,,,arrow_zstd_roundtrip,,,ipc,,,2,,,baseline,18.518128000323486,,
,Python rows to Python rows including both Arrow conversions,13400400,,,,,,,,,,,,,2,,,,461832,,,,,41.33459900000025,,varied,,ipc,,,50000,,,arrow_python_roundtrip,,,ipc,,,2,,,baseline,42.073984000126075,,
,,13351685,,,,,,,,,,,,,3,,,,476892,,,,,23.967680999999796,,varied,,ipc,,,50000,,,pickle_roundtrip,,,ipc,,,3,,,baseline,24.074690999441373,,
,Arrow table to Arrow table; conversion from Python rows excluded,13400400,,,,,,,,,,,,,3,,,,476892,,,,,2.1469699999996372,,varied,,ipc,,,50000,,,arrow_none_roundtrip,,,ipc,,,3,,,baseline,2.161360000172863,,
,Arrow table to Arrow table; conversion from Python rows excluded,13201448,,,,,,,,,,,,,3,,,,476892,,,,,9.088500999999916,,varied,,ipc,,,50000,,,arrow_lz4_roundtrip,,,ipc,,,3,,,baseline,9.161893000054988,,
,Arrow table to Arrow table; conversion from Python rows excluded,6575776,,,,,,,,,,,,,3,,,,476892,,,,,17.906942999999842,,varied,,ipc,,,50000,,,arrow_zstd_roundtrip,,,ipc,,,3,,,baseline,18.274381999617617,,
,Python rows to Python rows including both Arrow conversions,13400400,,,,,,,,,,,,,3,,,,513032,,,,,56.94597400000001,,varied,,ipc,,,50000,,,arrow_python_roundtrip,,,ipc,,,3,,,baseline,57.34988499989413,,
,,13351685,,,,,,,,,,,,,4,,,,528092,,,,,25.03595500000033,,varied,,ipc,,,50000,,,pickle_roundtrip,,,ipc,,,4,,,baseline,25.17523499955132,,
,Arrow table to Arrow table; conversion from Python rows excluded,13400400,,,,,,,,,,,,,4,,,,528092,,,,,1.9828560000001438,,varied,,ipc,,,50000,,,arrow_none_roundtrip,,,ipc,,,4,,,baseline,1.9884080002157134,,
,Arrow table to Arrow table; conversion from Python rows excluded,13201448,,,,,,,,,,,,,4,,,,528092,,,,,9.410063000000246,,varied,,ipc,,,50000,,,arrow_lz4_roundtrip,,,ipc,,,4,,,baseline,9.680383000159054,,
,Arrow table to Arrow table; conversion from Python rows excluded,6575776,,,,,,,,,,,,,4,,,,528092,,,,,16.509817999999843,,varied,,ipc,,,50000,,,arrow_zstd_roundtrip,,,ipc,,,4,,,baseline,16.83620699986932,,
,Python rows to Python rows including both Arrow conversions,13400400,,,,,,,,,,,,,4,,,,528092,,,,,39.56943699999993,,varied,,ipc,,,50000,,,arrow_python_roundtrip,,,ipc,,,4,,,baseline,39.92444899995462,,
,,13351685,,,,,,,,,,,,,5,,,,528092,,,,,23.811950000000248,,varied,,ipc,,,50000,,,pickle_roundtrip,,,ipc,,,5,,,baseline,23.960396999427758,,
,Arrow table to Arrow table; conversion from Python rows excluded,13400400,,,,,,,,,,,,,5,,,,528092,,,,,1.9804269999998958,,varied,,ipc,,,50000,,,arrow_none_roundtrip,,,ipc,,,5,,,baseline,1.986475000194332,,
,Arrow table to Arrow table; conversion from Python rows excluded,13201448,,,,,,,,,,,,,5,,,,528092,,,,,8.12495000000002,,varied,,ipc,,,50000,,,arrow_lz4_roundtrip,,,ipc,,,5,,,baseline,8.153918999596499,,
,Arrow table to Arrow table; conversion from Python rows excluded,6575776,,,,,,,,,,,,,5,,,,528092,,,,,16.57347999999992,,varied,,ipc,,,50000,,,arrow_zstd_roundtrip,,,ipc,,,5,,,baseline,16.75744600015605,,
,Python rows to Python rows including both Arrow conversions,13400400,,,,,,,,,,,,,5,,,,528092,,,,,40.18156699999986,,varied,,ipc,,,50000,,,arrow_python_roundtrip,,,ipc,,,5,,,baseline,40.340361999369634,,
,,13351685,,,,,,,,,,,,,6,,,,528092,,,,,25.33129600000006,,varied,,ipc,,,50000,,,pickle_roundtrip,,,ipc,,,6,,,baseline,25.672607000160497,,
,Arrow table to Arrow table; conversion from Python rows excluded,13400400,,,,,,,,,,,,,6,,,,528092,,,,,2.0962390000001108,,varied,,ipc,,,50000,,,arrow_none_roundtrip,,,ipc,,,6,,,baseline,2.1037770002294565,,
,Arrow table to Arrow table; conversion from Python rows excluded,13201448,,,,,,,,,,,,,6,,,,528092,,,,,9.858613999999655,,varied,,ipc,,,50000,,,arrow_lz4_roundtrip,,,ipc,,,6,,,baseline,10.639427999194595,,
,Arrow table to Arrow table; conversion from Python rows excluded,6575776,,,,,,,,,,,,,6,,,,528092,,,,,16.823174999999857,,varied,,ipc,,,50000,,,arrow_zstd_roundtrip,,,ipc,,,6,,,baseline,17.033473999617854,,
,Python rows to Python rows including both Arrow conversions,13400400,,,,,,,,,,,,,6,,,,528092,,,,,39.14924400000031,,varied,,ipc,,,50000,,,arrow_python_roundtrip,,,ipc,,,6,,,baseline,39.638303000174346,,
,,13351685,,,,,,,,,,,,,7,,,,528092,,,,,23.22892199999993,,varied,,ipc,,,50000,,,pickle_roundtrip,,,ipc,,,7,,,baseline,23.50105599998642,,
,Arrow table to Arrow table; conversion from Python rows excluded,13400400,,,,,,,,,,,,,7,,,,528092,,,,,2.06712600000003,,varied,,ipc,,,50000,,,arrow_none_roundtrip,,,ipc,,,7,,,baseline,2.073345000098925,,
,Arrow table to Arrow table; conversion from Python rows excluded,13201448,,,,,,,,,,,,,7,,,,528092,,,,,8.352652999999766,,varied,,ipc,,,50000,,,arrow_lz4_roundtrip,,,ipc,,,7,,,baseline,8.506484999998065,,
,Arrow table to Arrow table; conversion from Python rows excluded,6575776,,,,,,,,,,,,,7,,,,528092,,,,,17.350374999999918,,varied,,ipc,,,50000,,,arrow_zstd_roundtrip,,,ipc,,,7,,,baseline,17.592996000530547,,
,Python rows to Python rows including both Arrow conversions,13400400,,,,,,,,,,,,,7,,,,528092,,,,,40.14101799999992,,varied,,ipc,,,50000,,,arrow_python_roundtrip,,,ipc,,,7,,,baseline,40.600106999590935,,
,,13351685,,,,,,,,,,,,,8,,,,528092,,,,,23.935298999999688,,varied,,ipc,,,50000,,,pickle_roundtrip,,,ipc,,,8,,,baseline,24.036782000621315,,
,Arrow table to Arrow table; conversion from Python rows excluded,13400400,,,,,,,,,,,,,8,,,,528092,,,,,2.208948000000266,,varied,,ipc,,,50000,,,arrow_none_roundtrip,,,ipc,,,8,,,baseline,2.2585449996768148,,
,Arrow table to Arrow table; conversion from Python rows excluded,13201448,,,,,,,,,,,,,8,,,,528092,,,,,8.559085999999994,,varied,,ipc,,,50000,,,arrow_lz4_roundtrip,,,ipc,,,8,,,baseline,8.60248099979799,,
,Arrow table to Arrow table; conversion from Python rows excluded,6575776,,,,,,,,,,,,,8,,,,528092,,,,,17.11010299999982,,varied,,ipc,,,50000,,,arrow_zstd_roundtrip,,,ipc,,,8,,,baseline,17.28070600074716,,
,Python rows to Python rows including both Arrow conversions,13400400,,,,,,,,,,,,,8,,,,528092,,,,,42.07743999999991,,varied,,ipc,,,50000,,,arrow_python_roundtrip,,,ipc,,,8,,,baseline,42.31030200025998,,
